http://dbpedia.org/ontology/,1,101,12,7,163,23.28571429,1,0.81,201
http://advene.org/ns/cinelab/ld,0,0,0,0,0,0,0,0.00,201
http://archivi.ibc.regione.emilia-romagna.it/ontology/eac-cpf/eac-cpf.rdf,1,1,1,1,1,1,1,0.00,201
http://assemblee-virtuelle.github.io/grands-voisins-v2/gv.owl.ttl,0,0,0,0,0,0,0,0.00,201
http://babelnet.org/rdf/,6,51,7,3,64,21.33333333,0,0.32,201
http://bag.basisregistraties.overheid.nl/def/bag,201,201,201,1,201,201,0,1.00,201
http://bblfish.net/work/atom-owl/2006-06-06/,15,15,15,1,15,15,0,0.07,201
http://biohackathon.org/resource/faldo,4,4,4,1,4,4,0,0.02,201
http://brk.basisregistraties.overheid.nl/def/brk,201,201,201,1,201,201,0,1.00,201
http://brt.basisregistraties.overheid.nl/def/top10nl,201,201,201,1,201,201,0,1.00,201
http://buzzword.org.uk/rdf/personal-link-types#,1,1,1,1,1,1,1,0.00,201
http://catalogus-professorum.org/cpm/2/,201,201,201,1,201,201,0,1.00,201
http://cedric.cnam.fr/isid/ontologies/PersonLink.owl#,1,2,1,3,4,1.333333333,2,0.02,201
http://citydata.wu.ac.at/qb-equations#,1,1,1,1,1,1,1,0.00,201
http://colin.maudry.com/ontologies/dgfr#,29,54,41.5,2,83,41.5,0,0.41,201
http://comicmeta.org/cbo/,1,1,1,1,1,1,1,0.00,201
http://completeness.inf.unibz.it/sp-vocab,0,0,0,0,0,0,0,0.00,201
http://contsem.unizar.es/def/sector-publico/pproc#,1,17,1.5,4,21,5.25,2,0.10,201
http://cookingbigdata.com/linkeddata/ccinstances#,0,0,0,0,0,0,0,0.00,201
http://cookingbigdata.com/linkeddata/ccpricing#,0,0,0,0,0,0,0,0.00,201
http://cookingbigdata.com/linkeddata/ccregions#,0,0,0,0,0,0,0,0.00,201
http://cookingbigdata.com/linkeddata/ccsla#,0,0,0,0,0,0,0,0.00,201
http://data-gov.tw.rpi.edu/2009/data-gov-twc.rdf,201,201,201,1,201,201,0,1.00,201
http://data.europa.eu/esco/flow,1,67,1,3,69,23,2,0.34,201
http://data.europa.eu/esco/model,1,67,1,3,69,23,2,0.34,201
http://data.finlex.fi/schema/sfl/,1,3,1,3,5,1.666666667,2,0.02,201
http://data.globalchange.gov/gcis.owl,1,1,1,3,3,1,3,0.01,201
http://data.ign.fr/def/geofla,0,0,0,0,0,0,0,0.00,201
http://data.ign.fr/def/geometrie,0,0,0,0,0,0,0,0.00,201
http://data.ign.fr/def/ignf,0,0,0,0,0,0,0,0.00,201
http://data.ign.fr/def/topo#,0,0,0,0,0,0,0,0.00,201
http://data.nobelprize.org/terms/,0,0,0,0,0,0,0,0.00,201
http://data.opendiscoveryspace.eu/lom_ontology_ods.owl#,0,0,0,0,0,0,0,0.00,201
http://data.ordnancesurvey.co.uk/ontology/50kGazetteer/,1,1,1,1,1,1,1,0.00,201
http://data.ordnancesurvey.co.uk/ontology/admingeo/,1,1,1,1,1,1,1,0.00,201
http://data.ordnancesurvey.co.uk/ontology/geometry/,1,1,1,2,2,1,2,0.01,201
http://data.ordnancesurvey.co.uk/ontology/postcode/,1,1,1,1,1,1,1,0.00,201
http://data.ordnancesurvey.co.uk/ontology/spatialrelations/,1,1,1,1,1,1,1,0.00,201
http://data.persee.fr/ontology/persee-ontology/,1,2,1.5,2,3,1.5,1,0.01,201
http://data.qudt.org/qudt/owl/1.0.0/unit.owl,1,15,8,2,16,8,1,0.08,201
http://data.vlaanderen.be/ns/besluit,201,201,201,1,201,201,0,1.00,201
http://data.vlaanderen.be/ns/mandaat,201,201,201,1,201,201,0,1.00,201
http://datafoodconsortium.org/ontologies/DFC_BusinessOntology.owl,201,201,201,1,201,201,0,1.00,201
http://datafoodconsortium.org/ontologies/DFC_FullModel.owl,201,201,201,1,201,201,0,1.00,201
http://dataid.dbpedia.org/ns/core#,0,0,0,0,0,0,0,0.00,201
http://datashapes.org/dash,22,22,22,1,22,22,0,0.11,201
http://dati.beniculturali.it/cis/,0,0,0,0,0,0,0,0.00,201
http://dati.cdec.it/lod/shoah/,1,36,7,18,179,9.944444444,2,0.89,201
http://dati.san.beniculturali.it/SAN/,2,24,3,3,29,9.666666667,0,0.14,201
http://datos.bcn.cl/ontologies/bcn-biographies#,1,1,1,1,1,1,1,0.00,201
http://datos.bcn.cl/ontologies/bcn-congress#,1,1,1,1,1,1,1,0.00,201
http://datos.bcn.cl/ontologies/bcn-geographics#GeographicOntology,1,1,1,1,1,1,1,0.00,201
http://dd.eionet.europa.eu/vocabulary/common/nuts/,201,201,201,1,201,201,0,1.00,201
http://deductions.github.io/biological-collections.owl.ttl#,0,0,0,0,0,0,0,0.00,201
http://deductions.github.io/doas.owl.ttl#,0,0,0,0,0,0,0,0.00,201
http://deductions.github.io/geoloc.owl.ttl#,0,0,0,0,0,0,0,0.00,201
http://deductions.github.io/nature_observation.owl.ttl#,0,0,0,0,0,0,0,0.00,201
http://deductions.github.io/seeds.owl.ttl#,0,0,0,0,0,0,0,0.00,201
http://deductions.github.io/task-management.owl.ttl#,0,0,0,0,0,0,0,0.00,201
http://deductions.github.io/vehicule-management.owl.ttl#,0,0,0,0,0,0,0,0.00,201
http://def.seegrid.csiro.au/isotc211/iso19103/2005/basic,201,201,201,1,201,201,0,1.00,201
http://def.seegrid.csiro.au/isotc211/iso19107/2003/geometry,201,201,201,1,201,201,0,1.00,201
http://def.seegrid.csiro.au/isotc211/iso19108/2002/temporal,201,201,201,1,201,201,0,1.00,201
http://def.seegrid.csiro.au/isotc211/iso19109/2005/feature,201,201,201,1,201,201,0,1.00,201
http://def.seegrid.csiro.au/isotc211/iso19115/2003/citation,201,201,201,1,201,201,0,1.00,201
http://def.seegrid.csiro.au/isotc211/iso19115/2003/dataquality,201,201,201,1,201,201,0,1.00,201
http://def.seegrid.csiro.au/isotc211/iso19115/2003/dataset,201,201,201,1,201,201,0,1.00,201
http://def.seegrid.csiro.au/isotc211/iso19115/2003/extent,201,201,201,1,201,201,0,1.00,201
http://def.seegrid.csiro.au/isotc211/iso19115/2003/lineage,201,201,201,1,201,201,0,1.00,201
http://def.seegrid.csiro.au/isotc211/iso19123/2005/coverage,201,201,201,1,201,201,0,1.00,201
http://def.seegrid.csiro.au/isotc211/iso19150/-2/2012/basic,201,201,201,1,201,201,0,1.00,201
http://def.seegrid.csiro.au/isotc211/iso19156/2011/observation,201,201,201,1,201,201,0,1.00,201
http://def.seegrid.csiro.au/isotc211/iso19156/2011/sampling,201,201,201,1,201,201,0,1.00,201
http://def.seegrid.csiro.au/ontology/om/om-lite,201,201,201,1,201,201,0,1.00,201
http://def.seegrid.csiro.au/ontology/om/sam-lite,201,201,201,1,201,201,0,1.00,201
http://delicias.dia.fi.upm.es/ontologies/ObjectWithStates.owl,1,1,1,2,2,1,2,0.01,201
http://demiblog.org/vocab/oauth#,201,201,201,1,201,201,0,1.00,201
http://dev.poderopedia.com/vocab/schema,0,0,0,0,0,0,0,0.00,201
http://ec.europa.eu/eurostat/ramon/ontologies/geographic.rdf,1,1,1,1,1,1,1,0.00,201
http://ecoinformatics.org/oboe/oboe.1.0/oboe-core.owl,1,1,1,2,2,1,2,0.01,201
http://edamontology.org,0,0,0,0,0,0,0,0.00,201
http://elite.polito.it/ontologies/dogont.owl,3,3,3,1,3,3,0,0.01,201
http://elite.polito.it/ontologies/eupont.owl,3,3,3,1,3,3,0,0.01,201
http://elite.polito.it/ontologies/muo-vocab.owl#,3,3,3,1,3,3,0,0.01,201
http://environment.data.gov.au/def/op,0,0,0,0,0,0,0,0.00,201
http://eprints.org/ontology/,0,0,0,0,0,0,0,0.00,201
http://erlangen-crm.org/current/,0,0,0,0,0,0,0,0.00,201
http://erlangen-crm.org/efrbroo/,0,0,0,0,0,0,0,0.00,201
http://eulersharp.sourceforge.net/2003/03swap/agent,1,4,1,9,14,1.555555556,6,0.07,201
http://eulersharp.sourceforge.net/2003/03swap/bioSKOSSchemes,1,4,1,6,10,1.666666667,4,0.05,201
http://eulersharp.sourceforge.net/2003/03swap/care,1,4,1,9,13,1.444444444,7,0.06,201
http://eulersharp.sourceforge.net/2003/03swap/countries,1,4,1,9,13,1.444444444,7,0.06,201
http://eulersharp.sourceforge.net/2003/03swap/environment,1,4,1,8,11,1.375,7,0.05,201
http://eulersharp.sourceforge.net/2003/03swap/event,1,4,1,9,12,1.333333333,8,0.06,201
http://eulersharp.sourceforge.net/2003/03swap/genomeAbnormality#,1,4,1,8,11,1.375,7,0.05,201
http://eulersharp.sourceforge.net/2003/03swap/human,1,4,1,7,10,1.428571429,6,0.05,201
http://eulersharp.sourceforge.net/2003/03swap/humanBody,1,4,1,8,12,1.5,6,0.06,201
http://eulersharp.sourceforge.net/2003/03swap/languages#,1,4,1,7,10,1.428571429,6,0.05,201
http://eulersharp.sourceforge.net/2003/03swap/organism#,1,4,1,10,14,1.4,8,0.07,201
http://eulersharp.sourceforge.net/2003/03swap/organization#,1,4,1,7,10,1.428571429,6,0.05,201
http://eulersharp.sourceforge.net/2003/03swap/quantitiesExtension#,1,4,1,6,10,1.666666667,4,0.05,201
http://eulersharp.sourceforge.net/2003/03swap/units#,1,4,1,6,9,1.5,5,0.04,201
http://eunis.eea.europa.eu/rdf/species-schema.rdf,1,1,1,1,1,1,1,0.00,201
http://fedora.info/definitions/v4/audit#,0,0,0,0,0,0,0,0.00,201
http://gadm.geovocab.org/ontology,1,1,1,1,1,1,1,0.00,201
http://geni-orca.renci.org/owl/topology.owl,0,0,0,0,0,0,0,0.00,201
http://geovocab.org/geometry,1,1,1,1,1,1,1,0.00,201
http://geovocab.org/spatial,1,1,1,1,1,1,1,0.00,201
http://gov.genealogy.net/ontology.owl,1,1,1,3,3,1,3,0.01,201
http://guava.iis.sinica.edu.tw/r4r,0,0,0,0,0,0,0,0.00,201
http://iais.fraunhofer.de/vocabs/rami#,201,201,201,1,201,201,0,1.00,201
http://id.loc.gov/ontologies/bflc/,0,0,0,0,0,0,0,0.00,201
http://id.loc.gov/ontologies/bibframe/,0,0,0,0,0,0,0,0.00,201
http://id.nlm.nih.gov/mesh/vocab#,1,6,1,9,15,1.666666667,7,0.07,201
http://iflastandards.info/ns/muldicat,0,0,0,0,0,0,0,0.00,201
http://iiif.io/api/image/2#,0,0,0,0,0,0,0,0.00,201
http://imi.go.jp/ns/core/rdf,1,1,1,1,1,1,1,0.00,201
http://info.deepcarbon.net/schema,3,73,33,3,109,36.33333333,0,0.54,201
http://iserve.kmi.open.ac.uk/ns/msm,0,0,0,0,0,0,0,0.00,201
http://jazz.net/ns/rm#,1,1,1,1,1,1,1,0.00,201
http://kaiko.getalp.org/dbnary,1,1,1,4,4,1,4,0.02,201
http://km.aifb.kit.edu/projects/numbers/number,0,0,0,0,0,0,0,0.00,201
http://kmi.open.ac.uk/projects/smartproducts/ontologies/food.owl,0,0,0,0,0,0,0,0.00,201
http://kmi.open.ac.uk/projects/smartproducts/ontologies/generic.owl,0,0,0,0,0,0,0,0.00,201
http://kmi.open.ac.uk/projects/smartproducts/ontologies/process.owl,1,1,1,1,1,1,1,0.00,201
http://kmi.open.ac.uk/projects/smartproducts/ontologies/product.owl,0,0,0,0,0,0,0,0.00,201
http://kmi.open.ac.uk/projects/smartproducts/ontologies/user.owl,0,0,0,0,0,0,0,0.00,201
http://kulturarvsdata.se/ksamsok,1,1,1,1,1,1,1,0.00,201
http://lawd.info/ontology/,81,116,98.5,2,197,98.5,0,0.98,201
http://ldf.fi/schema/mmm/,133,133,133,1,133,133,0,0.66,201
http://ldf.fi/void-ext,0,0,0,0,0,0,0,0.00,201
http://lei.info/gleio/,1,1,1,1,1,1,1,0.00,201
http://lemon-model.net/lemon,40,40,40,1,40,40,0,0.20,201
http://lemon-model.net/oils,40,40,40,1,40,40,0,0.20,201
http://linked.data.gov.au/def/asgs,1,2,1,3,4,1.333333333,2,0.02,201
http://linked.data.gov.au/def/geofabric,1,2,1,3,4,1.333333333,2,0.02,201
http://linked.data.gov.au/def/gnaf,0,0,0,0,0,0,0,0.00,201
http://linked.data.gov.au/def/loci,1,2,1,4,5,1.25,3,0.02,201
http://linked.earth/ontology#,167,167,167,1,167,167,0,0.83,201
http://linkeddata.center/kees/v1,0,0,0,0,0,0,0,0.00,201
http://linkeddata.finki.ukim.mk/lod/ontology/cfrl#,1,59,1,3,61,20.33333333,2,0.30,201
http://linkeddata.finki.ukim.mk/lod/ontology/tao#,1,59,1,3,61,20.33333333,2,0.30,201
http://linkeddata.finki.ukim.mk/lod/ontology/veo#,1,59,1,3,61,20.33333333,2,0.30,201
http://linkedscience.org/lsc/ns#,1,1,1,1,1,1,1,0.00,201
http://lod.nl.go.kr/ontology/,1,2,1,11,12,1.090909091,10,0.06,201
http://lod.taxonconcept.org/ontology/dwc_area.owl,1,1,1,1,1,1,1,0.00,201
http://lod.taxonconcept.org/ontology/p01/Mammalia/index.owl,1,1,1,1,1,1,1,0.00,201
http://lod.taxonconcept.org/ontology/people.owl,1,1,1,1,1,1,1,0.00,201
http://lod.taxonconcept.org/ontology/sci_people.owl,1,1,1,1,1,1,1,0.00,201
http://lod.taxonconcept.org/ontology/txn.owl,1,1,1,2,2,1,2,0.01,201
http://lsq.aksw.org/vocab,4,4,4,1,4,4,0,0.02,201
http://mex.aksw.org/mex-algo,0,0,0,0,0,0,0,0.00,201
http://mex.aksw.org/mex-core,0,0,0,0,0,0,0,0.00,201
http://mex.aksw.org/mex-perf,0,0,0,0,0,0,0,0.00,201
http://mged.sourceforge.net/ontologies/MGEDOntology.owl,1,1,1,6,6,1,6,0.03,201
http://mmoon.org/core/,67,67,67,1,67,67,0,0.33,201
http://models.okkam.org/ENS-core-vocabulary.owl,0,0,0,0,0,0,0,0.00,201
http://njh.me/,0,0,0,0,0,0,0,0.00,201
http://nl.ijs.si/ME/owl/multext-east.owl,1,5,2,3,8,2.666666667,1,0.04,201
http://nr.inria.fr/ludo/v1,201,201,201,1,201,201,0,1.00,201
http://ns.bergnet.org/tac/0.1/triple-access-control#,201,201,201,1,201,201,0,1.00,201
http://ns.inria.fr/ast/sql#,0,0,0,0,0,0,0,0.00,201
http://ns.inria.fr/emoca#,0,0,0,0,0,0,0,0.00,201
http://ns.inria.fr/l4lod/v2,0,0,0,0,0,0,0,0.00,201
http://ns.inria.fr/ludo/v1/gamemodel,0,0,0,0,0,0,0,0.00,201
http://ns.inria.fr/ludo/v1/gamepresentation#,0,0,0,0,0,0,0,0.00,201
http://ns.inria.fr/ludo/v1/virtualcontext#,0,0,0,0,0,0,0,0.00,201
http://ns.inria.fr/ludo/v1/xapi,0,0,0,0,0,0,0,0.00,201
http://ns.inria.fr/munc#,0,0,0,0,0,0,0,0.00,201
http://ns.inria.fr/munc/v1#,0,0,0,0,0,0,0,0.00,201
http://ns.inria.fr/nicetag/2010/09/09/voc,0,0,0,0,0,0,0,0.00,201
http://ns.inria.fr/nrv#,1,1,1,1,1,1,1,0.00,201
http://ns.inria.fr/prissma/v1,0,0,0,0,0,0,0,0.00,201
http://ns.inria.fr/prissma/v2#,0,0,0,0,0,0,0,0.00,201
http://ns.inria.fr/provoc,0,0,0,0,0,0,0,0.00,201
http://ns.inria.fr/ratio4ta/v1,0,0,0,0,0,0,0,0.00,201
http://ns.inria.fr/s4ac/v2,0,0,0,0,0,0,0,0.00,201
http://ns.inria.fr/semed/eduprogression/v1,0,0,0,0,0,0,0,0.00,201
http://ns.nature.com/terms/,1,3,2,2,4,2,1,0.02,201
http://ns.ottr.xyz/templates,1,1,1,1,1,1,1,0.00,201
http://ns.taverna.org.uk/2010/scufl2,194,194,194,1,194,194,0,0.97,201
http://ns.taverna.org.uk/2012/tavernaprov/,194,194,194,1,194,194,0,0.97,201
http://onto.eva.mpg.de/ontologies/gfo-bio.owl,2,21,11.5,2,23,11.5,0,0.11,201
http://ontologi.es/days#,0,0,0,0,0,0,0,0.00,201
http://ontologi.es/lang/core#,0,0,0,0,0,0,0,0.00,201
http://ontologies.geohive.ie/osi,1,1,1,1,1,1,1,0.00,201
http://ontology.cybershare.utep.edu/ELSEWeb/elseweb-data.owl,1,1,1,1,1,1,1,0.00,201
http://ontology.cybershare.utep.edu/ELSEWeb/elseweb-edac.owl,1,1,1,1,1,1,1,0.00,201
http://ontology.cybershare.utep.edu/ELSEWeb/elseweb-modelling.owl,1,1,1,1,1,1,1,0.00,201
http://ontology.cybershare.utep.edu/ELSEWeb/elseweb-service.owl,1,1,1,1,1,1,1,0.00,201
http://ontology.cybershare.utep.edu/ELSEWeb/mappings/elseweb-mappings.owl,1,1,1,1,1,1,1,0.00,201
http://ontology.cybershare.utep.edu/dbowl/relational-to-ontology-mapping-primitive.owl,1,1,1,1,1,1,1,0.00,201
http://ontosoft.org/software,2,2,2,1,2,2,0,0.01,201
http://open-services.net/ns/asset#,1,1,1,1,1,1,1,0.00,201
http://open-services.net/ns/core#,0,0,0,0,0,0,0,0.00,201
http://opendata.aragon.es/def/ei2a,201,201,201,1,201,201,0,1.00,201
http://opendata.aragon.es/def/ei2a/categorization,1,21,1,3,23,7.666666667,2,0.11,201
http://opendata.caceres.es/def/ontomunicipio,2,2,2,1,2,2,0,0.01,201
http://openenergy-platform.org/ontology/oeo/,0,0,0,0,0,0,0,0.00,201
http://openenergy-platform.org/ontology/oeo/imports/iao-module.owl,0,0,0,0,0,0,0,0.00,201
http://paul.staroch.name/thesis/SmartHomeWeather.owl#,1,1,1,1,1,1,1,0.00,201
http://pcdm.org/use#,0,0,0,0,0,0,0,0.00,201
http://permid.org/ontology/organization/,1,3,1,20,30,1.5,13,0.15,201
http://persistence.uni-leipzig.org/nlp2rdf/ontologies/nif-core#,0,0,0,0,0,0,0,0.00,201
http://persistence.uni-leipzig.org/nlp2rdf/ontologies/rlog#,0,0,0,0,0,0,0,0.00,201
http://philosurfical.open.ac.uk/ontology/philosurfical.owl,0,0,0,0,0,0,0,0.00,201
http://premon.fbk.eu/ontology/core,2,2,2,1,2,2,0,0.01,201
http://premon.fbk.eu/ontology/fn,2,2,2,1,2,2,0,0.01,201
http://premon.fbk.eu/ontology/nb,2,2,2,1,2,2,0,0.01,201
http://premon.fbk.eu/ontology/pb,2,2,2,1,2,2,0,0.01,201
http://premon.fbk.eu/ontology/vn,2,2,2,1,2,2,0,0.01,201
http://protege.stanford.edu/plugins/owl/dc/protege-dc.owl,0,0,0,0,0,0,0,0.00,201
http://protege.stanford.edu/plugins/owl/protege,0,0,0,0,0,0,0,0.00,201
http://purl.allotrope.org/voc/afo/REC/2019/09/aft,1,1,1,2,2,1,2,0.01,201
http://purl.allotrope.org/voc/afo/domain/WD/2018/04/x-ray-diffraction,1,1,1,2,2,1,2,0.01,201
http://purl.allotrope.org/voc/afo/perspective/REC/2020/06/organization,1,1,1,2,2,1,2,0.01,201
http://purl.bdrc.io/ontology/core/,1,6,1,5,11,2.2,3,0.05,201
http://purl.jp/bio/11/mbgd,1,85,2,5,92,18.4,1,0.46,201
http://purl.obolibrary.org/obo/bco.owl,4,4,4,1,4,4,0,0.02,201
http://purl.obolibrary.org/obo/iao.owl,0,0,0,0,0,0,0,0.00,201
http://purl.obolibrary.org/obo/ido.owl,0,0,0,0,0,0,0,0.00,201
http://purl.obolibrary.org/obo/obi.owl,1,1,1,1,1,1,1,0.00,201
http://purl.obolibrary.org/obo/po.owl,0,0,0,0,0,0,0,0.00,201
http://purl.obolibrary.org/obo/xao.owl,0,0,0,0,0,0,0,0.00,201
http://purl.oclc.org/NET/UNIS/fiware/iot-lite#,1,5,1,6,12,2,4,0.06,201
http://purl.oclc.org/NET/mvco.owl,1,8,1,8,16,2,6,0.08,201
http://purl.oclc.org/NET/ssnx/cf/cf-feature,1,12,1,5,16,3.2,4,0.08,201
http://purl.oclc.org/NET/ssnx/cf/cf-property,1,9,1.5,4,13,3.25,2,0.06,201
http://purl.oclc.org/NET/ssnx/meteo/aws,1,5,1,6,13,2.166666667,4,0.06,201
http://purl.oclc.org/NET/ssnx/qu/qu,1,11,1,4,14,3.5,3,0.07,201
http://purl.oclc.org/NET/ssnx/ssn,1,6,2,4,11,2.75,2,0.05,201
http://purl.oreilly.com/ns/meta/,149,149,149,1,149,149,0,0.74,201
http://purl.org/NET/acc,1,38,19.5,2,39,19.5,1,0.19,201
http://purl.org/NET/biol/botany#,1,7,1,7,16,2.285714286,5,0.08,201
http://purl.org/NET/biol/ns#,1,6,1,6,12,2,4,0.06,201
http://purl.org/NET/biol/zoology#,1,12,1,3,14,4.666666667,2,0.07,201
http://purl.org/NET/book/vocab#,1,11,1,3,13,4.333333333,2,0.06,201
http://purl.org/NET/c4dm/event.owl,1,9,1,13,23,1.769230769,10,0.11,201
http://purl.org/NET/c4dm/keys.owl,1,6,1,13,22,1.692307692,8,0.11,201
http://purl.org/NET/c4dm/timeline.owl,1,6,1,9,17,1.888888889,5,0.08,201
http://purl.org/NET/cidoc-crm/core,38,38,38,1,38,38,0,0.19,201
http://purl.org/NET/cpan-uri/terms#,201,201,201,1,201,201,0,1.00,201
http://purl.org/NET/decimalised#d,1,8,1,6,15,2.5,4,0.07,201
http://purl.org/NET/lx,1,38,1,4,41,10.25,3,0.20,201
http://purl.org/NET/puc,1,38,1,3,40,13.33333333,2,0.20,201
http://purl.org/NET/ssnext/electricmeters#,1,8,1,5,12,2.4,4,0.06,201
http://purl.org/NET/uri#,1,4,1.5,6,12,2,3,0.06,201
http://purl.org/a-proc,1,10,1,4,13,3.25,3,0.06,201
http://purl.org/acco/ns#,1,6,1,8,17,2.125,5,0.08,201
http://purl.org/adms/sw/,1,8,3,5,17,3.4,2,0.08,201
http://purl.org/biodiversity/eol/,1,12,1,6,17,2.833333333,5,0.08,201
http://purl.org/biodiversity/taxon/,1,8,1.5,4,12,3,2,0.06,201
http://purl.org/biotop/biotop.owl,1,5,2.5,4,11,2.75,1,0.05,201
http://purl.org/carfo#,201,201,201,1,201,201,0,1.00,201
http://purl.org/cerif/frapo,1,6,2.5,4,12,3,2,0.06,201
http://purl.org/ceu/eco,1,6,1,6,13,2.166666667,4,0.06,201
http://purl.org/cld/terms/AccrualMethod,1,12,1,5,16,3.2,4,0.08,201
http://purl.org/cld/terms/AccrualPolicy,1,7,1,5,14,2.8,3,0.07,201
http://purl.org/co,1,5,1,15,25,1.666666667,10,0.12,201
http://purl.org/configurationontology,1,12,1,3,14,4.666666667,2,0.07,201
http://purl.org/crmeh#CRMEH,1,9,1.5,4,13,3.25,2,0.06,201
http://purl.org/csm/1.0,79,79,79,1,79,79,0,0.39,201
http://purl.org/cyber/misp,2,4,2,3,8,2.666666667,0,0.04,201
http://purl.org/cyber/stix,1,8,3,3,12,4,1,0.06,201
http://purl.org/datanode/ns/,1,3,1,5,9,1.8,3,0.04,201
http://purl.org/dita/ns#,1,12,6.5,2,13,6.5,1,0.06,201
http://purl.org/dpn,1,12,6.5,2,13,6.5,1,0.06,201
http://purl.org/dpn/dataset,1,3,2.5,4,9,2.25,1,0.04,201
http://purl.org/dqm-vocabulary/v1/dqm,1,12,5,4,23,5.75,2,0.11,201
http://purl.org/dsnotify/vocab/eventset/,1,6,1,7,13,1.857142857,5,0.06,201
http://purl.org/dsw/,1,11,1,5,15,3,4,0.07,201
http://purl.org/eis/vocab/daq#,1,43,22,2,44,22,1,0.22,201
http://purl.org/eis/vocab/scor#,1,6,4,3,11,3.666666667,1,0.05,201
http://purl.org/finlex/schema/laki/,1,133,2,6,151,25.16666667,3,0.75,201
http://purl.org/finlex/schema/oikeus/,1,133,3,4,140,35,1,0.70,201
http://purl.org/foodontology,1,7,3,3,11,3.666666667,1,0.05,201
http://purl.org/goodrelations/v1,1,10,1,5,14,2.8,4,0.07,201
http://purl.org/healthcarevocab/v1,1,5,1,5,12,2.4,3,0.06,201
http://purl.org/imbi/ru-meta.owl,201,201,201,1,201,201,0,1.00,201
http://purl.org/innovation/ns,1,5,1.5,4,9,2.25,2,0.04,201
http://purl.org/iot/ontology/fiesta-iot#,1,3,2,5,10,2,2,0.05,201
http://purl.org/iot/vocab/m3-lite#,1,6,4,3,11,3.666666667,1,0.05,201
http://purl.org/ipo/core,1,6,1,11,20,1.818181818,7,0.10,201
http://purl.org/iso25964/skos-thes,1,12,6.5,2,13,6.5,1,0.06,201
http://purl.org/linked-data/cube,1,10,1,4,13,3.25,3,0.06,201
http://purl.org/linked-data/registry,1,12,1,5,16,3.2,4,0.08,201
http://purl.org/linked-data/sdmx,1,5,1.5,4,9,2.25,2,0.04,201
http://purl.org/linked-data/sdmx/2009/code#timeFormat,1,7,4,3,12,4,1,0.06,201
http://purl.org/linked-data/sdmx/2009/concept#cog,1,9,1.5,4,13,3.25,2,0.06,201
http://purl.org/linkingyou/,1,7,1,7,15,2.142857143,5,0.07,201
http://purl.org/lobid/lv,1,9,1,6,14,2.333333333,5,0.07,201
http://purl.org/makolab/caont/,1,6,1,6,11,1.833333333,5,0.05,201
http://purl.org/metainfo/terms/dsp,1,9,1,5,14,2.8,3,0.07,201
http://purl.org/minim/minim,1,11,1,4,14,3.5,3,0.07,201
http://purl.org/momayo/mmo/,1,5,1,8,13,1.625,6,0.06,201
http://purl.org/net/VideoGameOntology,1,10,1,4,13,3.25,3,0.06,201
http://purl.org/net/bel-epa/doacc,201,201,201,1,201,201,0,1.00,201
http://purl.org/net/cartCoord#,1,8,1.5,4,12,3,2,0.06,201
http://purl.org/net/dbm/ontology#,1,59,2,6,72,12,3,0.36,201
http://purl.org/net/hifm/ontology#,1,59,1,7,73,10.42857143,4,0.36,201
http://purl.org/net/nknouf/ns/bibtex,1,5,2.5,4,11,2.75,1,0.05,201
http://purl.org/net/ns/ex,1,7,1,5,13,2.6,3,0.06,201
http://purl.org/net/ns/wordmap,1,6,1.5,6,13,2.166666667,3,0.06,201
http://purl.org/net/opmv/ns#,1,12,1,12,24,2,10,0.12,201
http://purl.org/net/orth,1,12,1,7,18,2.571428571,6,0.09,201
http://purl.org/net/p-plan#,1,8,1,5,14,2.8,3,0.07,201
http://purl.org/net/po#,1,59,1.5,8,71,8.875,4,0.35,201
http://purl.org/net/provenance/files#,1,12,1,16,29,1.8125,14,0.14,201
http://purl.org/net/provenance/integrity#,1,6,1,14,22,1.571428571,11,0.11,201
http://purl.org/net/provenance/ns#,1,8,1,12,23,1.916666667,8,0.11,201
http://purl.org/net/provenance/types#,1,4,1,11,17,1.545454545,7,0.08,201
http://purl.org/net/tsn#,1,12,1,4,15,3.75,3,0.07,201
http://purl.org/net/tsnchange#,1,11,1,3,13,4.333333333,2,0.06,201
http://purl.org/net/wf-invocation,1,7,2.5,4,13,3.25,2,0.06,201
http://purl.org/net/wf-motifs,1,4,1,6,12,2,4,0.06,201
http://purl.org/nxp/schema/v1,1,53,12,3,66,22,1,0.33,201
http://purl.org/olia/olia.owl,1,20,2,7,34,4.857142857,2,0.17,201
http://purl.org/olia/penn.owl,1,11,2,10,35,3.5,4,0.17,201
http://purl.org/olia/stanford.owl,1,20,1.5,10,37,3.7,5,0.18,201
http://purl.org/olia/system.owl,1,12,2,9,34,3.777777778,3,0.17,201
http://purl.org/olia/ubyCat.owl,1,20,2,8,35,4.375,3,0.17,201
http://purl.org/ontology/ao/core#,1,10,1,14,25,1.785714286,12,0.12,201
http://purl.org/ontology/bibo/,1,12,1,5,16,3.2,4,0.08,201
http://purl.org/ontology/cco/core#,1,6,1,16,25,1.5625,11,0.12,201
http://purl.org/ontology/cco/mappings#,1,6,1,15,28,1.866666667,9,0.14,201
http://purl.org/ontology/chord/,1,12,1,12,25,2.083333333,9,0.12,201
http://purl.org/ontology/co/core#,1,9,1,15,26,1.733333333,11,0.13,201
http://purl.org/ontology/dvia,1,7,1,5,13,2.6,3,0.06,201
http://purl.org/ontology/ecpo,1,6,1,5,13,2.6,3,0.06,201
http://purl.org/ontology/holding,1,6,3,3,10,3.333333333,1,0.05,201
http://purl.org/ontology/is/core#,1,12,1,12,24,2,10,0.12,201
http://purl.org/ontology/mo/,1,9,1,8,20,2.5,5,0.10,201
http://purl.org/ontology/myspace,1,5,2,5,12,2.4,2,0.06,201
http://purl.org/ontology/olo/core#,1,12,1,11,22,2,10,0.11,201
http://purl.org/ontology/pbo/core#,1,12,1,7,18,2.571428571,6,0.09,201
http://purl.org/ontology/po/,1,13,1,4,16,4,3,0.08,201
http://purl.org/ontology/prv/core#,1,6,1,13,24,1.846153846,9,0.12,201
http://purl.org/ontology/prv/rules#,1,8,1,13,20,1.538461538,12,0.10,201
http://purl.org/ontology/rec/core#,1,6,1,13,23,1.769230769,9,0.11,201
http://purl.org/ontology/storyline,1,6,1,8,14,1.75,6,0.07,201
http://purl.org/ontology/symbolic-music/,1,9,1,18,30,1.666666667,14,0.15,201
http://purl.org/ontology/wi/core#,1,12,1,12,23,1.916666667,11,0.11,201
http://purl.org/ontology/wo/,1,6,1,8,14,1.75,6,0.07,201
http://purl.org/ontology/wo/core#,1,5,1,12,19,1.583333333,10,0.09,201
http://purl.org/opdm/category/google#,1,5,1.5,6,13,2.166666667,3,0.06,201
http://purl.org/opdm/refrigerator#,1,7,1,5,12,2.4,3,0.06,201
http://purl.org/opdm/utility#,1,5,1,7,11,1.571428571,6,0.05,201
http://purl.org/oslo/ns/localgov,1,12,6.5,2,13,6.5,1,0.06,201
http://purl.org/pav/,1,4,3,4,11,2.75,1,0.05,201
http://purl.org/powla/powla.owl,1,20,1.5,8,34,4.25,4,0.17,201
http://purl.org/procurement/public-contracts,1,5,1,5,10,2,3,0.05,201
http://purl.org/procurement/public-contracts-activities#,1,8,1.5,4,12,3,2,0.06,201
http://purl.org/procurement/public-contracts-authority-kinds#,1,6,1,6,15,2.5,4,0.07,201
http://purl.org/procurement/public-contracts-czech#,1,6,2,5,12,2.4,2,0.06,201
http://purl.org/procurement/public-contracts-kinds#,1,6,2.5,4,12,3,2,0.06,201
http://purl.org/procurement/public-contracts-procedure-types#,1,4,1.5,6,12,2,3,0.06,201
http://purl.org/qb4olap/cubes,1,12,1,5,16,3.2,4,0.08,201
http://purl.org/query/voidext,1,6,1,6,13,2.166666667,4,0.06,201
http://purl.org/reco#,201,201,201,1,201,201,0,1.00,201
http://purl.org/rvl/,1,12,6.5,2,13,6.5,1,0.06,201
http://purl.org/science/owl/sciencecommons/,201,201,201,1,201,201,0,1.00,201
http://purl.org/spar/biro,1,10,1,11,20,1.818181818,10,0.10,201
http://purl.org/spar/c4o,1,12,1,9,21,2.333333333,7,0.10,201
http://purl.org/spar/cito,1,4,1,13,22,1.692307692,8,0.11,201
http://purl.org/spar/datacite,1,12,1,4,15,3.75,3,0.07,201
http://purl.org/spar/deo,1,12,6.5,2,13,6.5,1,0.06,201
http://purl.org/spar/doco,1,8,1,10,21,2.1,7,0.10,201
http://purl.org/spar/fabio,1,10,1,9,18,2,8,0.09,201
http://purl.org/spar/pro/,201,201,201,1,201,201,0,1.00,201
http://purl.org/spar/pso,1,4,1,11,16,1.454545455,8,0.08,201
http://purl.org/spar/pwo,1,12,1,10,21,2.1,9,0.10,201
http://purl.org/theatre#,201,201,201,1,201,201,0,1.00,201
http://purl.org/tio/ns#,1,3,2,5,9,1.8,2,0.04,201
http://purl.org/twc/ontology/cdm.owl#,1,5,1,5,9,1.8,4,0.04,201
http://purl.org/twc/ontology/frir.owl,1,9,2,3,12,4,1,0.06,201
http://purl.org/twc/vocab/aapi-schema#,1,9,2,3,12,4,1,0.06,201
http://purl.org/twc/vocab/conversion/,1,6,1,5,12,2.4,3,0.06,201
http://purl.org/twc/vocab/vsr#,1,8,3,3,12,4,1,0.06,201
http://purl.org/uF/hCard/terms/,201,201,201,1,201,201,0,1.00,201
http://purl.org/uco/ns#,1,11,6,2,12,6,1,0.06,201
http://purl.org/umu/uneskos,1,12,1,4,15,3.75,3,0.07,201
http://purl.org/viso/,1,10,5.5,2,11,5.5,1,0.05,201
http://purl.org/voc/vrank,1,11,6,2,12,6,1,0.06,201
http://purl.org/vocommons/voaf,1,9,1.5,8,20,2.5,4,0.10,201
http://purl.org/vso/ns,1,5,1,7,12,1.714285714,5,0.06,201
http://purl.org/wai#,201,201,201,1,201,201,0,1.00,201
http://purl.org/weso/ontology/computex,1,10,1,4,13,3.25,3,0.06,201
http://purl.org/wf4ever/ro,1,10,1,4,13,3.25,3,0.06,201
http://purl.org/wf4ever/roevo,1,3,1,5,9,1.8,3,0.04,201
http://purl.org/wf4ever/roterms#,1,8,2,4,13,3.25,2,0.06,201
http://purl.org/wf4ever/wf4ever,1,6,1.5,4,10,2.5,2,0.05,201
http://purl.org/wf4ever/wfdesc,1,4,2,5,10,2,2,0.05,201
http://purl.org/wf4ever/wfprov,1,6,1,6,11,1.833333333,5,0.05,201
http://purl.org/wild/vocab,1,5,4,3,10,3.333333333,1,0.05,201
http://purl.org/xro/ns,1,52,1,3,54,18,2,0.27,201
http://purl.org/xtypes/,1,5,1,5,10,2,3,0.05,201
http://purl.uniprot.org/core/,2,11,3,3,16,5.333333333,0,0.08,201
http://qudt.org/1.1/schema/qudt,1,1,1,1,1,1,1,0.00,201
http://qudt.org/schema/qudt,1,1,1,1,1,1,1,0.00,201
http://qudt.org/vocab/constant,1,1,1,2,2,1,2,0.01,201
http://qudt.org/vocab/dimensionvector,1,1,1,1,1,1,1,0.00,201
http://qudt.org/vocab/quantitykind,1,1,1,1,1,1,1,0.00,201
http://qudt.org/vocab/unit,0,0,0,0,0,0,0,0.00,201
http://rdf.histograph.io/,0,0,0,0,0,0,0,0.00,201
http://rdf.insee.fr/def/demo,1,1,1,2,2,1,2,0.01,201
http://rdf.insee.fr/def/geo,1,1,1,2,2,1,2,0.01,201
http://rdf.muninn-project.org/ontologies/appearances,148,148,148,1,148,148,0,0.74,201
http://rdf.muninn-project.org/ontologies/graves,148,148,148,1,148,148,0,0.74,201
http://rdf.muninn-project.org/ontologies/jp1,148,148,148,1,148,148,0,0.74,201
http://rdf.muninn-project.org/ontologies/military,148,148,148,1,148,148,0,0.74,201
http://rdf.muninn-project.org/ontologies/muninn,148,148,148,1,148,148,0,0.74,201
http://rdf.muninn-project.org/ontologies/naval,148,148,148,1,148,148,0,0.74,201
http://rdf.muninn-project.org/ontologies/organization,148,148,148,1,148,148,0,0.74,201
http://rdf.muninn-project.org/ontologies/religion,148,148,148,1,148,148,0,0.74,201
http://rdfs.co/bevon/0.8,0,0,0,0,0,0,0,0.00,201
http://rdfs.co/juso/0.1.2,0,0,0,0,0,0,0,0.00,201
http://rdfs.co/juso/kr/0.1.1,0,0,0,0,0,0,0,0.00,201
http://rdfs.org/scot/ns#,1,1,1,2,2,1,2,0.01,201
http://rdfs.org/sioc/argument#,1,1,1,2,2,1,2,0.01,201
http://rdfs.org/sioc/ns#,1,1,1,3,3,1,3,0.01,201
http://rdfs.org/sioc/services#,1,1,1,1,1,1,1,0.00,201
http://rdfs.org/sioc/types#,1,1,1,2,2,1,2,0.01,201
http://rdfunit.aksw.org/ns/core#,0,0,0,0,0,0,0,0.00,201
http://rdfvizler.dyreriket.xyz/vocabulary/core,0,0,0,0,0,0,0,0.00,201
http://reference.data.gov.uk/def/central-government,0,0,0,0,0,0,0,0.00,201
http://reference.data.gov.uk/def/intervals/,0,0,0,0,0,0,0,0.00,201
http://resource.geosciml.org/ontology/timescale/gts,1,2,1,4,5,1.25,3,0.02,201
http://resource.geosciml.org/ontology/timescale/thors,1,2,1,4,5,1.25,3,0.02,201
http://rhizomik.net/ontologies/2005/03/Mpeg7-2001.owl,1,1,1,2,2,1,2,0.01,201
http://rhizomik.net/ontologies/PlantHealthThreats.owl.ttl,0,0,0,0,0,0,0,0.00,201
http://rhizomik.net/ontologies/copyrightonto.owl,0,0,0,0,0,0,0,0.00,201
http://rinfo.lagrummet.se/ns/2008/11/rinfo/publ#,17,17,17,1,17,17,0,0.08,201
http://schema.mobivoc.org/#,0,0,0,0,0,0,0,0.00,201
http://securitytoolbox.appspot.com/securityAlgorithms#,1,1,1,1,1,1,1,0.00,201
http://securitytoolbox.appspot.com/securityMain#,0,0,0,0,0,0,0,0.00,201
http://securitytoolbox.appspot.com/stac#,1,1,1,2,2,1,2,0.01,201
http://semantic-mediawiki.org/swivt/1.0,1,1,1,1,1,1,1,0.00,201
http://semantic.eurobau.com/eurobau-utility.owl,1,1,1,1,1,1,1,0.00,201
http://semanticscience.org/ontology/sio.owl,1,1,1,1,1,1,1,0.00,201
http://semanticturkey.uniroma2.it/ns/mdr,0,0,0,0,0,0,0,0.00,201
http://semweb.mmlab.be/ns/apps4X,1,1,1,1,1,1,1,0.00,201
http://semweb.mmlab.be/ns/dicera#ontology,1,1,1,1,1,1,1,0.00,201
http://semweb.mmlab.be/ns/fnml,1,1,1,1,1,1,1,0.00,201
http://semweb.mmlab.be/ns/linkedconnections#Ontology,1,2,1.5,2,3,1.5,1,0.01,201
http://semweb.mmlab.be/ns/odapps,1,1,1,2,2,1,2,0.01,201
http://semweb.mmlab.be/ns/oh,1,1,1,2,2,1,2,0.01,201
http://semweb.mmlab.be/ns/rml#,1,1,1,3,3,1,3,0.01,201
http://semweb.mmlab.be/ns/stoptimes#Ontology,1,1,1,3,3,1,3,0.01,201
http://semwebquality.org/ontologies/dq-constraints,9,9,9,1,9,9,0,0.04,201
http://sensormeasurement.appspot.com/m3#,201,201,201,1,201,201,0,1.00,201
http://sensormeasurement.appspot.com/naturopathy#,0,0,0,0,0,0,0,0.00,201
http://sensormeasurement.appspot.com/ont/home/homeActivity#,0,0,0,0,0,0,0,0.00,201
http://sparql.cwrc.ca/ontologies/cwrc,167,167,167,1,167,167,0,0.83,201
http://sparql.cwrc.ca/ontologies/genre,167,167,167,1,167,167,0,0.83,201
http://sparql.cwrc.ca/ontologies/ii,167,167,167,1,167,167,0,0.83,201
http://sparql.sstu.ru:3030/speciality/,1,1,1,2,2,1,2,0.01,201
http://spinrdf.org/sp,0,0,0,0,0,0,0,0.00,201
http://spinrdf.org/spin,0,0,0,0,0,0,0,0.00,201
http://spinrdf.org/spl,0,0,0,0,0,0,0,0.00,201
http://strdf.di.uoa.gr/ontology,1,1,1,1,1,1,1,0.00,201
http://streamreasoning.org/ontologies/frappe#,1,1,1,1,1,1,1,0.00,201
http://swa.cefriel.it/ontologies/botdcat-ap,1,8,2,5,17,3.4,1,0.08,201
http://swat.cse.lehigh.edu/onto/univ-bench.owl,9,9,9,1,9,9,0,0.04,201
http://swat.cse.lehigh.edu/resources/onto/aigp.owl,1,9,5,2,10,5,1,0.05,201
http://swpatho.ag-nbi.de/context/meta.owl,0,0,0,0,0,0,0,0.00,201
http://swrl.stanford.edu/ontologies/3.3/swrla.owl,0,0,0,0,0,0,0,0.00,201
http://theme-e.adaptcentre.ie/dave#,201,201,201,1,201,201,0,1.00,201
http://timbus.teco.edu/ontologies/VPlan.owl,0,0,0,0,0,0,0,0.00,201
http://topbraid.org/sparqlmotion,0,0,0,0,0,0,0,0.00,201
http://topbraid.org/sparqlmotionfunctions,0,0,0,0,0,0,0,0.00,201
http://topbraid.org/sparqlmotionlib,0,0,0,0,0,0,0,0.00,201
http://topbraid.org/swa,0,0,0,0,0,0,0,0.00,201
http://topbraid.org/teamwork,0,0,0,0,0,0,0,0.00,201
http://topbraid.org/tosh,39,39,39,1,39,39,0,0.19,201
http://tw.rpi.edu/schema/,1,11,1,5,24,4.8,3,0.12,201
http://uri4uri.net/vocab#,0,0,0,0,0,0,0,0.00,201
http://usefulinc.com/ns/doap#,1,1,1,1,1,1,1,0.00,201
http://vcharpenay.github.io/hto/hto.xml,0,0,0,0,0,0,0,0.00,201
http://vivoweb.org/ontology/core,1,1,1,1,1,1,1,0.00,201
http://vocab.capes.gov.br/def/vcav#,0,0,0,0,0,0,0,0.00,201
http://vocab.ciudadesabiertas.es/def/sector-publico/agenda-municipal,0,0,0,0,0,0,0,0.00,201
http://vocab.deri.ie/am,21,157,89,2,178,89,0,0.89,201
http://vocab.deri.ie/br,21,157,89,2,178,89,0,0.89,201
http://vocab.deri.ie/c4n,21,157,89,2,178,89,0,0.89,201
http://vocab.deri.ie/cloudisus,21,157,89,2,178,89,0,0.89,201
http://vocab.deri.ie/cogs,21,157,89,2,178,89,0,0.89,201
http://vocab.deri.ie/csp,21,157,89,2,178,89,0,0.89,201
http://vocab.deri.ie/dady,21,157,89,2,178,89,0,0.89,201
http://vocab.deri.ie/fingal,21,157,89,2,178,89,0,0.89,201
http://vocab.deri.ie/odapp,21,157,89,2,178,89,0,0.89,201
http://vocab.deri.ie/orca,21,157,89,2,178,89,0,0.89,201
http://vocab.deri.ie/pdo,21,157,89,2,178,89,0,0.89,201
http://vocab.deri.ie/ppo,21,157,89,2,178,89,0,0.89,201
http://vocab.deri.ie/raul,21,157,89,2,178,89,0,0.89,201
http://vocab.deri.ie/rooms,21,157,89,2,178,89,0,0.89,201
http://vocab.deri.ie/rulz,21,157,89,2,178,89,0,0.89,201
http://vocab.deri.ie/sad,21,157,89,2,178,89,0,0.89,201
http://vocab.deri.ie/scovo,21,157,89,2,178,89,0,0.89,201
http://vocab.deri.ie/scsv,21,157,89,2,178,89,0,0.89,201
http://vocab.deri.ie/search,21,157,89,2,178,89,0,0.89,201
http://vocab.deri.ie/tao,21,157,89,2,178,89,0,0.89,201
http://vocab.deri.ie/void,21,157,89,2,178,89,0,0.89,201
http://vocab.getty.edu/aat/,0,0,0,0,0,0,0,0.00,201
http://vocab.getty.edu/ontology,0,0,0,0,0,0,0,0.00,201
http://vocab.getty.edu/tgn/,0,0,0,0,0,0,0,0.00,201
http://vocab.getty.edu/ulan/,0,0,0,0,0,0,0,0.00,201
http://vocab.gtfs.org/terms#,0,0,0,0,0,0,0,0.00,201
http://vocab.lenka.no/geo-deling,0,0,0,0,0,0,0,0.00,201
http://vocab.linkeddata.es/datosabiertos/def/medio-ambiente/calidad-aire,0,0,0,0,0,0,0,0.00,201
http://vocab.linkeddata.es/datosabiertos/def/medio-ambiente/contaminacion-acustica,0,0,0,0,0,0,0,0.00,201
http://vocab.linkeddata.es/datosabiertos/def/sector-publico/servicio,0,0,0,0,0,0,0,0.00,201
http://vocab.linkeddata.es/datosabiertos/def/sector-publico/territorio,0,0,0,0,0,0,0,0.00,201
http://vocab.linkeddata.es/datosabiertos/def/transporte/trafico,0,0,0,0,0,0,0,0.00,201
http://vocab.linkeddata.es/datosabiertos/def/turismo/alojamiento,0,0,0,0,0,0,0,0.00,201
http://vocab.linkeddata.es/datosabiertos/def/urbanismo-infraestructuras/callejero,0,0,0,0,0,0,0,0.00,201
http://vocab.linkeddata.es/datosabiertos/def/urbanismo-infraestructuras/direccion-postal,0,0,0,0,0,0,0,0.00,201
http://vocab.linkeddata.es/datosabiertos/def/urbanismo-infraestructuras/equipamiento,0,0,0,0,0,0,0,0.00,201
http://vocab.resc.info/communication,1,5,1,3,7,2.333333333,2,0.03,201
http://vocab.resc.info/incident,1,5,3,2,6,3,1,0.03,201
http://vocabularies.wikipathways.org/gpml#,1,1,1,6,6,1,6,0.03,201
http://vocabularies.wikipathways.org/wp#,1,1,1,5,5,1,5,0.02,201
http://vocabularies.wikipathways.org/wpTypes#,1,1,1,5,5,1,5,0.02,201
http://w3id.org/amlo/core,1,70,35.5,2,71,35.5,1,0.35,201
http://w3id.org/art/terms/1.0/,67,67,67,1,67,67,0,0.33,201
http://w3id.org/charta77/jup,1,1,1,1,1,1,1,0.00,201
http://w3id.org/lindt/voc#,201,201,201,1,201,201,0,1.00,201
http://w3id.org/medred/medred#,0,0,0,0,0,0,0,0.00,201
http://w3id.org/nkos,1,1,1,1,1,1,1,0.00,201
http://w3id.org/prohow#,0,0,0,0,0,0,0,0.00,201
http://w3id.org/rsp/vocals#,0,0,0,0,0,0,0,0.00,201
http://w3id.org/s3n/,0,0,0,0,0,0,0,0.00,201
http://w3id.org/semiot/ontologies/semiot#,0,0,0,0,0,0,0,0.00,201
http://w3id.org/vcb/fel#,1,1,1,1,1,1,1,0.00,201
http://w3id.org/version/ontology,1,1,1,2,2,1,2,0.01,201
http://w3id.org/vir#,0,0,0,0,0,0,0,0.00,201
http://wab.uib.no/cost-a32_rdf/wittgenstein_model.owl,0,0,0,0,0,0,0,0.00,201
http://wab.uib.no/cost-a32_rdf/wittgenstein_model_pubby.owl,0,0,0,0,0,0,0,0.00,201
http://wikiba.se/ontology#,1,7,4,2,8,4,1,0.04,201
http://wordnet-rdf.princeton.edu/ontology,0,0,0,0,0,0,0,0.00,201
http://www.agfa.com/w3c/2009/clinicalEvaluation,0,0,0,0,0,0,0,0.00,201
http://www.agfa.com/w3c/2009/clinicalProcedure,0,0,0,0,0,0,0,0.00,201
http://www.agfa.com/w3c/2009/drugTherapy,0,0,0,0,0,0,0,0.00,201
http://www.agfa.com/w3c/2009/healthCare#,0,0,0,0,0,0,0,0.00,201
http://www.agfa.com/w3c/2009/hemogram#,0,0,0,0,0,0,0,0.00,201
http://www.agfa.com/w3c/2009/hospital#,0,0,0,0,0,0,0,0.00,201
http://www.agfa.com/w3c/2009/humanDisorder#,0,0,0,0,0,0,0,0.00,201
http://www.agfa.com/w3c/2009/infectiousDisorder#,0,0,0,0,0,0,0,0.00,201
http://www.agfa.com/w3c/2009/malignantNeoplasm#,0,0,0,0,0,0,0,0.00,201
http://www.arpenteur.org/ontology/Arpenteur.owl,1,1,1,1,1,1,1,0.00,201
http://www.astro.umd.edu/~eshaya/astro-onto/owl/physics.owl,0,0,0,0,0,0,0,0.00,201
http://www.bbc.co.uk/ontologies/bbc,1,1,1,1,1,1,1,0.00,201
http://www.bbc.co.uk/ontologies/cms,1,1,1,1,1,1,1,0.00,201
http://www.bbc.co.uk/ontologies/coreconcepts,1,1,1,1,1,1,1,0.00,201
http://www.bbc.co.uk/ontologies/creativework,1,1,1,2,2,1,2,0.01,201
http://www.bbc.co.uk/ontologies/provenance,1,1,1,2,2,1,2,0.01,201
http://www.bbc.co.uk/ontologies/sport,1,1,1,1,1,1,1,0.00,201
http://www.biopax.org/release/biopax-level3.owl,1,1,1,1,1,1,1,0.00,201
http://www.bl.uk/schemas/bibliographic/blterms,1,5,2,34,69,2.029411765,14,0.34,201
http://www.coinsweb.nl/cbim-2.0.rdf,0,0,0,0,0,0,0,0.00,201
http://www.conjecto.com/ontology/2015/lheo,201,201,201,1,201,201,0,1.00,201
http://www.daml.org/services/owl-s/1.2/Service.owl,1,1,1,1,1,1,1,0.00,201
http://www.daml.org/services/owl-s/1.2/generic/Expression.owl,1,1,1,1,1,1,1,0.00,201
http://www.demcare.eu/ontologies/contextdescriptor.owl,201,201,201,1,201,201,0,1.00,201
http://www.demcare.eu/ontologies/demlab.owl,201,201,201,1,201,201,0,1.00,201
http://www.disit.org/km4city/schema,1,1,1,2,2,1,2,0.01,201
http://www.ebi.ac.uk/efo/efo.owl,2,7,4.5,2,9,4.5,0,0.04,201
http://www.ebu.ch/metadata/ontologies/ebucore/ebucore,201,201,201,1,201,201,0,1.00,201
http://www.ebusiness-unibw.org/ontologies/cpi/ns,1,1,1,1,1,1,1,0.00,201
http://www.ebusiness-unibw.org/ontologies/eclass/5.1.4/#,1,1,1,2,2,1,2,0.01,201
http://www.ebusiness-unibw.org/ontologies/hva/ontology#Ontology,1,1,1,1,1,1,1,0.00,201
http://www.eclap.eu/schema/eclap/,201,201,201,1,201,201,0,1.00,201
http://www.europeana.eu/schemas/edm/,0,0,0,0,0,0,0,0.00,201
http://www.geneontology.org/formats/oboInOwl,3,3,3,1,3,3,0,0.01,201
http://www.geonames.org/ontology,0,0,0,0,0,0,0,0.00,201
http://www.georss.org/georss/,201,201,201,1,201,201,0,1.00,201
http://www.gsi.dit.upm.es/ontologies/marl/ns,1,134,67.5,2,135,67.5,1,0.67,201
http://www.gsi.dit.upm.es/ontologies/onyx/ns,1,134,67.5,2,135,67.5,1,0.67,201
http://www.ics.forth.gr/isl/MarineTLO/v4/marinetlo.owl,1,1,1,1,1,1,1,0.00,201
http://www.ics.forth.gr/isl/VoIDWarehouse/VoID_Extension_Schema.owl,1,1,1,1,1,1,1,0.00,201
http://www.ics.forth.gr/isl/oae/core,1,1,1,1,1,1,1,0.00,201
http://www.ics.forth.gr/isl/oncm/core,1,1,1,2,2,1,2,0.01,201
http://www.influenceTracker.com/ontology,201,201,201,1,201,201,0,1.00,201
http://www.isibang.ac.in/ns/mod,1,3,1,6,9,1.5,4,0.04,201
http://www.junkwork.net/xml/DocumentList,0,0,0,0,0,0,0,0.00,201
http://www.kanzaki.com/ns/dpd,0,0,0,0,0,0,0,0.00,201
http://www.kanzaki.com/ns/music,0,0,0,0,0,0,0,0.00,201
http://www.kanzaki.com/ns/music-rdfs.rdf,0,0,0,0,0,0,0,0.00,201
http://www.kanzaki.com/ns/whois,0,0,0,0,0,0,0,0.00,201
http://www.lexinfo.net/ontology/2.0/lexinfo,40,40,40,1,40,40,0,0.20,201
http://www.linkeddata.es/ontology/ldq,0,0,0,0,0,0,0,0.00,201
http://www.linkedmodel.org/schema/dtype,3,3,3,1,3,3,0,0.01,201
http://www.linkedmodel.org/schema/vaem,3,3,3,1,3,3,0,0.01,201
http://www.linklion.org/ontology,201,201,201,1,201,201,0,1.00,201
http://www.loc.gov/mads/rdf/v1,201,201,201,1,201,201,0,1.00,201
http://www.loc.gov/premis/rdf/v3/,1,1,1,2,2,1,2,0.01,201
http://www.mygrid.org.uk/mygrid-moby-service,1,74,37.5,2,75,37.5,1,0.37,201
http://www.mygrid.org.uk/ontology,1,74,37.5,2,75,37.5,1,0.37,201
http://www.nanopub.org/nschema,0,0,0,0,0,0,0,0.00,201
http://www.observedchange.com/moac/ns#,0,0,0,0,0,0,0,0.00,201
http://www.observedchange.com/tisc/ns#,0,0,0,0,0,0,0,0.00,201
http://www.onto-med.de/ontologies/gfo.owl,1,48,1,3,50,16.66666667,2,0.25,201
http://www.ontologydesignpatterns.org/cp/owl/classification.owl,1,3,2,2,4,2,1,0.02,201
http://www.ontologydesignpatterns.org/cp/owl/collectionentity.owl,1,3,2,2,4,2,1,0.02,201
http://www.ontologydesignpatterns.org/cp/owl/componency.owl,1,3,2,2,4,2,1,0.02,201
http://www.ontologydesignpatterns.org/cp/owl/informationobjectsandrepresentationlanguages.owl,1,3,2,2,4,2,1,0.02,201
http://www.ontologydesignpatterns.org/cp/owl/informationrealization.owl,1,3,2,2,4,2,1,0.02,201
http://www.ontologydesignpatterns.org/cp/owl/participation.owl,1,3,2,2,4,2,1,0.02,201
http://www.ontologydesignpatterns.org/cp/owl/partof.owl,1,3,2,2,4,2,1,0.02,201
http://www.ontologydesignpatterns.org/cp/owl/place.owl,1,3,1,3,5,1.666666667,2,0.02,201
http://www.ontologydesignpatterns.org/cp/owl/sequence.owl,1,3,2,2,4,2,1,0.02,201
http://www.ontologydesignpatterns.org/cp/owl/set.owl,1,3,2,2,4,2,1,0.02,201
http://www.ontologydesignpatterns.org/cp/owl/situation.owl,1,3,2,2,4,2,1,0.02,201
http://www.ontologydesignpatterns.org/cp/owl/timeindexedsituation.owl,1,3,2,2,4,2,1,0.02,201
http://www.ontologydesignpatterns.org/cp/owl/timeinterval.owl,1,3,2,2,4,2,1,0.02,201
http://www.ontologydesignpatterns.org/cpont/ire.owl,1,3,2,2,4,2,1,0.02,201
http://www.ontologydesignpatterns.org/ont/d0.owl,1,3,2,2,4,2,1,0.02,201
http://www.ontologydesignpatterns.org/ont/dul/DUL.owl,1,3,2,2,4,2,1,0.02,201
http://www.ontologydesignpatterns.org/ont/dul/IOLite.owl,1,3,2,2,4,2,1,0.02,201
http://www.ontologydesignpatterns.org/ont/dul/ontopic.owl,1,3,2,2,4,2,1,0.02,201
http://www.ontologydesignpatterns.org/ont/lmm/LMM_L1.owl,1,3,2,2,4,2,1,0.02,201
http://www.ontologydesignpatterns.org/ont/lmm/LMM_L2.owl,1,3,1,3,5,1.666666667,2,0.02,201
http://www.ontologydesignpatterns.org/ont/web/irw.owl,1,3,2,2,4,2,1,0.02,201
http://www.ontologydesignpatterns.org/schemas/cpannotationschema.owl,1,3,1,3,5,1.666666667,2,0.02,201
http://www.ontologyrepository.com/CommonCoreOntologies/Mid/AgentOntology,1,2,1.5,2,3,1.5,1,0.01,201
http://www.ontotext.com/proton/protonext,0,0,0,0,0,0,0,0.00,201
http://www.ontotext.com/proton/protontop,0,0,0,0,0,0,0,0.00,201
http://www.opengis.net/ont/geosparql,1,1,1,1,1,1,1,0.00,201
http://www.opengis.net/ont/gml,0,0,0,0,0,0,0,0.00,201
http://www.opengis.net/ont/sf,0,0,0,0,0,0,0,0.00,201
http://www.openlinksw.com/ontology/acl#,1,1,1,5,5,1,5,0.02,201
http://www.openlinksw.com/ontology/benefits#,1,1,1,5,5,1,5,0.02,201
http://www.openlinksw.com/ontology/dbms-app-ontology#,1,1,1,5,5,1,5,0.02,201
http://www.openlinksw.com/ontology/ecrm#,1,1,1,5,5,1,5,0.02,201
http://www.openlinksw.com/ontology/faq#,1,1,1,6,6,1,6,0.03,201
http://www.openlinksw.com/ontology/licenses#,1,1,1,5,5,1,5,0.02,201
http://www.openlinksw.com/ontology/logging#,1,1,1,5,5,1,5,0.02,201
http://www.openlinksw.com/ontology/market#,1,1,1,5,5,1,5,0.02,201
http://www.openlinksw.com/ontology/odbc#,1,1,1,5,5,1,5,0.02,201
http://www.openlinksw.com/ontology/products#,1,1,1,5,5,1,5,0.02,201
http://www.openlinksw.com/ontology/purchases#,1,1,1,5,5,1,5,0.02,201
http://www.openlinksw.com/ontology/restrictions#,1,1,1,5,5,1,5,0.02,201
http://www.openlinksw.com/ontology/webservices#,1,1,1,5,5,1,5,0.02,201
http://www.openlinksw.com/schema/attribution#,1,1,1,5,5,1,5,0.02,201
http://www.openlinksw.com/schemas/angel#,1,1,1,5,5,1,5,0.02,201
http://www.openlinksw.com/schemas/bif#,1,1,1,5,5,1,5,0.02,201
http://www.openlinksw.com/schemas/cert#,1,1,1,5,5,1,5,0.02,201
http://www.openlinksw.com/schemas/crunchbase#,1,1,1,5,5,1,5,0.02,201
http://www.openlinksw.com/schemas/linkedin#,1,1,1,6,6,1,6,0.03,201
http://www.openlinksw.com/schemas/oplweb#,1,1,1,5,5,1,5,0.02,201
http://www.opmw.org/ontology/,2,2,2,1,2,2,0,0.01,201
http://www.purl.org/drammar,1,6,1,8,16,2,6,0.08,201
http://www.rkbexplorer.com/ontologies/acm,152,152,152,1,152,152,0,0.76,201
http://www.rkbexplorer.com/ontologies/coref,152,152,152,1,152,152,0,0.76,201
http://www.semanlink.net/2001/00/semanlink-schema,1,1,1,1,1,1,1,0.00,201
http://www.sensormeasurement.appspot.com/ont/transport/traffic#,0,0,0,0,0,0,0,0.00,201
http://www.tele.pw.edu.pl/~sims-onto/ConnectivityType.owl,1,1,1,2,2,1,2,0.01,201
http://www.w3.org/1999/02/22-rdf-syntax-ns#,0,0,0,0,0,0,0,0.00,201
http://www.w3.org/2000/01/rdf-schema#,0,0,0,0,0,0,0,0.00,201
http://www.w3.org/2002/07/owl,0,0,0,0,0,0,0,0.00,201
http://www.w3.org/2003/06/sw-vocab-status/ns,0,0,0,0,0,0,0,0.00,201
http://www.w3.org/2003/12/exif/ns,0,0,0,0,0,0,0,0.00,201
http://www.w3.org/2004/02/skos/core,0,0,0,0,0,0,0,0.00,201
http://www.w3.org/2004/09/fresnel,1,1,1,1,1,1,1,0.00,201
http://www.w3.org/2005/11/its/rdf#,0,0,0,0,0,0,0,0.00,201
http://www.w3.org/2006/time,0,0,0,0,0,0,0,0.00,201
http://www.w3.org/2006/time-entry,0,0,0,0,0,0,0,0.00,201
http://www.w3.org/2006/timezone,0,0,0,0,0,0,0,0.00,201
http://www.w3.org/2006/vcard/ns,0,0,0,0,0,0,0,0.00,201
http://www.w3.org/2007/05/powder-s,0,0,0,0,0,0,0,0.00,201
http://www.w3.org/2007/ont/httph,1,1,1,1,1,1,1,0.00,201
http://www.w3.org/2007/uwa/context/deliverycontext.owl,0,0,0,0,0,0,0,0.00,201
http://www.w3.org/2008/05/skos,0,0,0,0,0,0,0,0.00,201
http://www.w3.org/2008/05/skos-xl,0,0,0,0,0,0,0,0.00,201
http://www.w3.org/2011/content,0,0,0,0,0,0,0,0.00,201
http://www.w3.org/2011/http,0,0,0,0,0,0,0,0.00,201
http://www.w3.org/TR/2003/CR-owl-guide-20030818/wine,0,0,0,0,0,0,0,0.00,201
http://www.w3.org/TR/2003/PR-owl-guide-20031209/food,1,1,1,2,2,1,2,0.01,201
http://www.w3.org/ns/adms,0,0,0,0,0,0,0,0.00,201
http://www.w3.org/ns/auth/cert#,0,0,0,0,0,0,0,0.00,201
http://www.w3.org/ns/auth/rsa,0,0,0,0,0,0,0,0.00,201
http://www.w3.org/ns/csvw#,0,0,0,0,0,0,0,0.00,201
http://www.w3.org/ns/dcat,0,0,0,0,0,0,0,0.00,201
http://www.w3.org/ns/dx/prof,0,0,0,0,0,0,0,0.00,201
http://www.w3.org/ns/formats/,68,68,68,1,68,68,0,0.34,201
http://www.w3.org/ns/hydra/core,0,0,0,0,0,0,0,0.00,201
http://www.w3.org/ns/ldp#,0,0,0,0,0,0,0,0.00,201
http://www.w3.org/ns/lemon/lime,1,1,1,1,1,1,1,0.00,201
http://www.w3.org/ns/lemon/ontolex,0,0,0,0,0,0,0,0.00,201
http://www.w3.org/ns/lemon/vartrans,0,0,0,0,0,0,0,0.00,201
http://www.w3.org/ns/locn,0,0,0,0,0,0,0,0.00,201
http://www.w3.org/ns/ma-ont,0,0,0,0,0,0,0,0.00,201
http://www.w3.org/ns/mls#,0,0,0,0,0,0,0,0.00,201
http://www.w3.org/ns/oa#,0,0,0,0,0,0,0,0.00,201
http://www.w3.org/ns/odrl/2/,0,0,0,0,0,0,0,0.00,201
http://www.w3.org/ns/org#,0,0,0,0,0,0,0,0.00,201
http://www.w3.org/ns/person,0,0,0,0,0,0,0,0.00,201
http://www.w3.org/ns/prov#,0,0,0,0,0,0,0,0.00,201
http://www.w3.org/ns/prov-dc#,0,0,0,0,0,0,0,0.00,201
http://www.w3.org/ns/prov-o#,0,0,0,0,0,0,0,0.00,201
http://www.w3.org/ns/prov-o-inverses#,0,0,0,0,0,0,0,0.00,201
http://www.w3.org/ns/r2rml#,0,0,0,0,0,0,0,0.00,201
http://www.w3.org/ns/radion#,0,0,0,0,0,0,0,0.00,201
http://www.w3.org/ns/rdfa#,0,0,0,0,0,0,0,0.00,201
http://www.w3.org/ns/regorg,0,0,0,0,0,0,0,0.00,201
http://www.w3.org/ns/shacl#,0,0,0,0,0,0,0,0.00,201
http://www.w3.org/ns/solid/terms,1,1,1,1,1,1,1,0.00,201
http://www.w3.org/ns/sosa/,0,0,0,0,0,0,0,0.00,201
http://www.w3.org/ns/sparql#,0,0,0,0,0,0,0,0.00,201
http://www.w3.org/ns/ssn/,0,0,0,0,0,0,0,0.00,201
http://www.w3.org/ns/wsdl-rdf,0,0,0,0,0,0,0,0.00,201
http://www.wsmo.org/ns/wsmo-lite#,0,0,0,0,0,0,0,0.00,201
http://www.yso.fi/onto/yso/,1,1,1,1,1,1,1,0.00,201
http://xmlns.com/foaf/0.1/,1,8,4.5,2,9,4.5,1,0.04,201
https://budayakb.cs.ui.ac.id/ns,1,32,4,4,41,10.25,1,0.20,201
https://d-nb.info/standards/elementset/agrelon#,1,1,1,1,1,1,1,0.00,201
https://d-nb.info/standards/elementset/dnb#,1,1,1,1,1,1,1,0.00,201
https://d-nb.info/standards/elementset/gnd#,1,1,1,1,1,1,1,0.00,201
https://d-nb.info/standards/vocab/gnd/gender#,1,1,1,1,1,1,1,0.00,201
https://d-nb.info/standards/vocab/gnd/geographic-area-code#,1,1,1,1,1,1,1,0.00,201
https://d-nb.info/standards/vocab/gnd/gnd-sc#,1,1,1,1,1,1,1,0.00,201
https://d-nb.info/standards/vocab/gnd/type-of-coordinates#,1,1,1,1,1,1,1,0.00,201
https://data.nasa.gov/ontologies/atmonto/ATM,1,56,4,5,66,13.2,2,0.33,201
https://data.nasa.gov/ontologies/atmonto/NAS,1,56,4,5,66,13.2,2,0.33,201
https://data.nasa.gov/ontologies/atmonto/data,1,56,2.5,6,67,11.16666667,3,0.33,201
https://data.nasa.gov/ontologies/atmonto/equipment,1,56,4,5,66,13.2,2,0.33,201
https://data.nasa.gov/ontologies/atmonto/general,1,56,4,5,66,13.2,2,0.33,201
https://data.vlaanderen.be/ns/logies,201,201,201,1,201,201,0,1.00,201
https://data.vlaanderen.be/ns/persoon,201,201,201,1,201,201,0,1.00,201
https://id.kb.se/vocab/,1,9,2,5,15,3,2,0.07,201
https://id.parliament.uk/schema,201,201,201,1,201,201,0,1.00,201
https://ns.eccenca.com/,0,0,0,0,0,0,0,0.00,201
https://pi.pauwel.be/voc/buildingelement,1,1,1,1,1,1,1,0.00,201
https://privatealpha.com/ontology/certification/1#,0,0,0,0,0,0,0,0.00,201
https://privatealpha.com/ontology/content-inventory/1#,0,0,0,0,0,0,0,0.00,201
https://privatealpha.com/ontology/ibis/1#,0,0,0,0,0,0,0,0.00,201
https://privatealpha.com/ontology/process-model/1#,0,0,0,0,0,0,0,0.00,201
https://privatealpha.com/ontology/transformation/1#,0,0,0,0,0,0,0,0.00,201
https://purl.org/heals/sco/,1,9,1,7,16,2.285714286,5,0.08,201
https://raw.githubusercontent.com/airs-linked-data/lov/latest/src/airs_vocabulary.ttl#,0,0,0,0,0,0,0,0.00,201
https://saref.etsi.org/saref4syst#,0,0,0,0,0,0,0,0.00,201
https://schema.edu.ee/0.1,0,0,0,0,0,0,0,0.00,201
https://sireneld.io/vocab/sirene#,1,140,70.5,2,141,70.5,1,0.70,201
https://sparql.crssnky.xyz/imasrdf/URIs/imas-schema.ttl#,0,0,0,0,0,0,0,0.00,201
https://tac.nist.gov/tracks/SM-KBP/2018/ontologies/SeedlingOntology,1,2,1,4,5,1.25,3,0.02,201
https://vocab.eccenca.com/auth/,0,0,0,0,0,0,0,0.00,201
https://vocab.eccenca.com/geniustex/,0,0,0,0,0,0,0,0.00,201
https://vocab.eccenca.com/revision/,0,0,0,0,0,0,0,0.00,201
https://w3.org/ns/dpv,1,1,1,1,1,1,1,0.00,201
https://w3id.org/BCI-ontology,201,201,201,1,201,201,0,1.00,201
https://w3id.org/GConsent,1,5,3,2,6,3,1,0.03,201
https://w3id.org/GDPRov,5,5,5,1,5,5,0,0.02,201
https://w3id.org/GDPRtEXT,5,5,5,1,5,5,0,0.02,201
https://w3id.org/affectedBy,0,0,0,0,0,0,0,0.00,201
https://w3id.org/akn/ontology/allot,1,1,1,1,1,1,1,0.00,201
https://w3id.org/arco/ontology/arco,0,0,0,0,0,0,0,0.00,201
https://w3id.org/arco/ontology/catalogue,0,0,0,0,0,0,0,0.00,201
https://w3id.org/arco/ontology/context-description,0,0,0,0,0,0,0,0.00,201
https://w3id.org/arco/ontology/core,0,0,0,0,0,0,0,0.00,201
https://w3id.org/arco/ontology/cultural-event,0,0,0,0,0,0,0,0.00,201
https://w3id.org/arco/ontology/denotative-description,0,0,0,0,0,0,0,0.00,201
https://w3id.org/arco/ontology/location,0,0,0,0,0,0,0,0.00,201
https://w3id.org/associations/vocab,0,0,0,0,0,0,0,0.00,201
https://w3id.org/bot#,0,0,0,0,0,0,0,0.00,201
https://w3id.org/bpo,1,1,1,3,3,1,3,0.01,201
https://w3id.org/cc#,201,201,201,1,201,201,0,1.00,201
https://w3id.org/cocoon/v1.0,0,0,0,0,0,0,0,0.00,201
https://w3id.org/def/saref4agri,0,0,0,0,0,0,0,0.00,201
https://w3id.org/def/saref4bldg,1,1,1,1,1,1,1,0.00,201
https://w3id.org/def/saref4envi,0,0,0,0,0,0,0,0.00,201
https://w3id.org/digitalconstruction/EnergySystems,201,201,201,1,201,201,0,1.00,201
https://w3id.org/dot#,0,0,0,0,0,0,0,0.00,201
https://w3id.org/edwin/ontology/,0,0,0,0,0,0,0,0.00,201
https://w3id.org/eepsa#,0,0,0,0,0,0,0,0.00,201
https://w3id.org/eepsa/ek4eepsa,0,0,0,0,0,0,0,0.00,201
https://w3id.org/eepsa/exn4eepsa,0,0,0,0,0,0,0,0.00,201
https://w3id.org/eepsa/exr4eepsa,0,0,0,0,0,0,0,0.00,201
https://w3id.org/eepsa/foi4eepsa#,0,0,0,0,0,0,0,0.00,201
https://w3id.org/eepsa/p4eepsa,0,0,0,0,0,0,0,0.00,201
https://w3id.org/eepsa/q4eepsa,201,201,201,1,201,201,0,1.00,201
https://w3id.org/ep-plan,0,0,0,0,0,0,0,0.00,201
https://w3id.org/example,0,0,0,0,0,0,0,0.00,201
https://w3id.org/fog,0,0,0,0,0,0,0,0.00,201
https://w3id.org/fr/def/core#,0,0,0,0,0,0,0,0.00,201
https://w3id.org/gom,0,0,0,0,0,0,0,0.00,201
https://w3id.org/i40/aml#,70,70,70,1,70,70,0,0.35,201
https://w3id.org/i40/sto/iot/concerns/,201,201,201,1,201,201,0,1.00,201
https://w3id.org/ibp/CTRLont,0,0,0,0,0,0,0,0.00,201
https://w3id.org/idsa/core,0,0,0,0,0,0,0,0.00,201
https://w3id.org/ifc/IFC4_ADD1,0,0,0,0,0,0,0,0.00,201
https://w3id.org/lio/v1,1,4,1,3,6,2,2,0.03,201
https://w3id.org/ln#,201,201,201,1,201,201,0,1.00,201
https://w3id.org/multidimensional-interface/ontology,1,1,1,1,1,1,1,0.00,201
https://w3id.org/nno/ontology,0,0,0,0,0,0,0,0.00,201
https://w3id.org/okn/o/sdm,0,0,0,0,0,0,0,0.00,201
https://w3id.org/omg,1,1,1,3,3,1,3,0.01,201
https://w3id.org/opentrafficlights#Ontology,1,1,1,1,1,1,1,0.00,201
https://w3id.org/opm#,0,0,0,0,0,0,0,0.00,201
https://w3id.org/ops,1,1,1,1,1,1,1,0.00,201
https://w3id.org/pep/,21,21,21,1,21,21,0,0.10,201
https://w3id.org/pfeepsa#,0,0,0,0,0,0,0,0.00,201
https://w3id.org/pnv,0,0,0,0,0,0,0,0.00,201
https://w3id.org/rc,0,0,0,0,0,0,0,0.00,201
https://w3id.org/rdfp/,21,21,21,1,21,21,0,0.10,201
https://w3id.org/roar,0,0,0,0,0,0,0,0.00,201
https://w3id.org/saref,1,1,1,2,2,1,2,0.01,201
https://w3id.org/scholarlydata/ontology/conference-ontology.owl,0,0,0,0,0,0,0,0.00,201
https://w3id.org/seas/,0,0,0,0,0,0,0,0.00,201
https://w3id.org/seas/BatteryOntology,1,1,1,1,1,1,1,0.00,201
https://w3id.org/seas/BuildingOntology,0,0,0,0,0,0,0,0.00,201
https://w3id.org/seas/DeviceOntology,0,0,0,0,0,0,0,0.00,201
https://w3id.org/seas/EvaluationOntology,0,0,0,0,0,0,0,0.00,201
https://w3id.org/seas/FeatureOfInterestOntology,0,0,0,0,0,0,0,0.00,201
https://w3id.org/seas/ForecastingOntology,0,0,0,0,0,0,0,0.00,201
https://w3id.org/seas/OperatingOntology,0,0,0,0,0,0,0,0.00,201
https://w3id.org/seas/QUDTAlignment,0,0,0,0,0,0,0,0.00,201
https://w3id.org/seas/StatisticsOntology,0,0,0,0,0,0,0,0.00,201
https://w3id.org/seas/SystemOntology,0,0,0,0,0,0,0,0.00,201
https://w3id.org/seas/TimeOntology,0,0,0,0,0,0,0,0.00,201
https://w3id.org/seas/TradingOntology,0,0,0,0,0,0,0,0.00,201
https://w3id.org/seo#,187,187,187,1,187,187,0,0.93,201
https://w3id.org/timebank,0,0,0,0,0,0,0,0.00,201
https://w3id.org/tree#Ontology,1,1,1,1,1,1,1,0.00,201
https://w3id.org/usability,0,0,0,0,0,0,0,0.00,201
https://w3id.org/valueflows/,0,0,0,0,0,0,0,0.00,201
https://w3id.org/vocab/lingvoj,1,1,1,1,1,1,1,0.00,201
https://w3id.org/vocab/olca,0,0,0,0,0,0,0,0.00,201
https://w3id.org/vocab/xbrll,0,0,0,0,0,0,0,0.00,201
https://w3id.org/won/core,0,0,0,0,0,0,0,0.00,201
https://w3id.org/xapi/ontology#,0,0,0,0,0,0,0,0.00,201
https://www.auto.tuwien.ac.at/downloads/thinkhome/ontology/WeatherOntology.owl,5,5,5,1,5,5,0,0.02,201
https://www.gleif.org/ontology/Base/,0,0,0,0,0,0,0,0.00,201
https://www.gleif.org/ontology/EntityLegalForm/,0,0,0,0,0,0,0,0.00,201
https://www.gleif.org/ontology/Geocoding/,0,0,0,0,0,0,0,0.00,201
https://www.gleif.org/ontology/L1/,0,0,0,0,0,0,0,0.00,201
https://www.gleif.org/ontology/L2/,0,0,0,0,0,0,0,0.00,201
https://www.gleif.org/ontology/RegistrationAuthority/,1,1,1,1,1,1,1,0.00,201
https://www.gleif.org/ontology/ReportingException/,0,0,0,0,0,0,0,0.00,201
https://www.omg.org/spec/CTS2/About-CTS2/,1,8,4.5,2,9,4.5,1,0.04,201
https://www.w3.org/2019/wot/hypermedia#,1,1,1,2,2,1,2,0.01,201
https://www.w3.org/2019/wot/json-schema#,1,1,1,2,2,1,2,0.01,201
https://www.w3.org/2019/wot/security#,1,1,1,2,2,1,2,0.01,201
https://www.w3.org/2019/wot/td#,1,1,1,2,2,1,2,0.01,201
https://www.w3.org/TR/ldn/#ldn-tests-sender,1,1,1,1,1,1,1,0.00,201
https://www.w3.org/ns/ldt#,1,1,1,3,3,1,3,0.01,201
http://purl.obolibrary.org/obo/zfa.owl,0,0,0,0,0,0,0,0.00,201
http://ontologi.es/doap-bugs#,0,0,0,0,0,0,0,0.00,201
http://ontologi.es/doap-deps#,0,0,0,0,0,0,0,0.00,201
https://w3id.org/dingo#,0,0,0,0,0,0,0,0.00,201
http://rdf-vocabulary.ddialliance.org/discovery,0,0,0,0,0,0,0,0.00,201
http://www.data-knowledge.org/dk/,1,1,1,1,1,1,1,0.00,201
http://purl.org/iot/ontology/fiesta-priv#,1,9,4,3,14,4.666666667,1,0.07,201
http://purl.org/iot/vocab/iot-taxonomy-lite#,1,3,1,6,9,1.5,4,0.04,201
http://www.ontology-of-units-of-measure.org/resource/om-2/,1,1,1,1,1,1,1,0.00,201
https://w3id.org/vocab/sdm,0,0,0,0,0,0,0,0.00,201
https://w3id.org/survey-ontology#,0,0,0,0,0,0,0,0.00,201
http://www.w3.org/TR/2003/PR-owl-guide-20031209/wine,0,0,0,0,0,0,0,0.00,201
http://rdf-vocabulary.ddialliance.org/xkos,0,0,0,0,0,0,0,0.00,201
https://yogaontology.org/ontology/,201,201,201,1,201,201,0,1.00,201
http://akswnc7.informatik.uni-leipzig.de/dstreitmatter/archivo/archivo-test-ontology.ttl#,0,0,0,0,0,0,0,0.00,201
http://lexvo.org/ontology,1,1,1,3,3,1,3,0.01,201
http://ontologi.es/like,0,0,0,0,0,0,0,0.00,201
https://saref.etsi.org/core/,0,0,0,0,0,0,0,0.00,201
http://ontologi.es/doap-changeset,1,1,1,1,1,1,1,0.00,201
http://assemblee-virtuelle.github.io/grands-voisins-v2/thesaurus.ttl,0,0,0,0,0,0,0,0.00,201
http://purl.allotrope.org/voc/afo/REC/2020/06/aft,1,1,1,2,2,1,2,0.01,201
https://saref.etsi.org/saref4syst/,0,0,0,0,0,0,0,0.00,201
https://www.ica.org/standards/RiC/ontology,0,0,0,0,0,0,0,0.00,201
https://w3id.org/scholarlydata/ontology/indicators-ontology.owl,0,0,0,0,0,0,0,0.00,201
https://w3id.org/hdgi,0,0,0,0,0,0,0,0.00,201
https://sireneld.io/vocab/compub,140,140,140,1,140,140,0,0.70,201
http://www.openlinksw.com/ontology/software,1,1,1,4,4,1,4,0.02,201
https://data.vlaanderen.be/ns/mobiliteit,201,201,201,1,201,201,0,1.00,201
https://saref.etsi.org/saref4envi/,0,0,0,0,0,0,0,0.00,201
https://saref.etsi.org/saref4agri/,0,0,0,0,0,0,0,0.00,201
https://saref.etsi.org/saref4ener/,0,0,0,0,0,0,0,0.00,201
https://saref.etsi.org/saref4city/,1,1,1,1,1,1,1,0.00,201
http://www.w3.org/ns/lemon/lexicog,1,1,1,2,2,1,2,0.01,201
http://www.openlinksw.com/ontology/features,1,1,1,4,4,1,4,0.02,201
http://www.bioassayontology.org/bao/bao_complete.owl,0,0,0,0,0,0,0,0.00,201
http://vocab.ciudadesabiertas.es/def/transporte/trafico,0,0,0,0,0,0,0,0.00,201
https://mltd.pikopikopla.net/mltd-schema,0,0,0,0,0,0,0,0.00,201
https://linkeddata.cultureelerfgoed.nl/def/ceo,1,7,1,4,10,2.5,3,0.05,201
https://bmake.th-brandenburg.de/spv,139,139,139,1,139,139,0,0.69,201
http://purl.allotrope.org/voc/afo/domain/REC/2020/03/differential-scanning-calorimetry,1,1,1,2,2,1,2,0.01,201
http://purl.obolibrary.org/obo/bfo.owl,0,0,0,0,0,0,0,0.00,201
http://purl.org/cld/terms/CDType,1,11,1,5,16,3.2,3,0.08,201
http://linkedevents.org/ontology/,1,1,1,2,2,1,2,0.01,201
https://saref.etsi.org/saref4wear/,0,0,0,0,0,0,0,0.00,201
http://www.w3id.org/urban-iot/electric,0,0,0,0,0,0,0,0.00,201
http://www.w3id.org/urban-iot/sharing,0,0,0,0,0,0,0,0.00,201
http://bdi.si.ehu.es/bdi/ontologies/ExtruOnt/ExtruOnt,0,0,0,0,0,0,0,0.00,201
http://sweetontology.net/sweetAll,0,0,0,0,0,0,0,0.00,201
http://linked-web-apis.fit.cvut.cz/ns/core,194,194,194,1,194,194,0,0.97,201
http://www.theworldavatar.com/ontology/ontocompchem/ontocompchem.owl,1,2,2,5,8,1.6,2,0.04,201
https://w3id.org/eeo,0,0,0,0,0,0,0,0.00,201
http://id.loc.gov/vocabulary/relators,0,0,0,0,0,0,0,0.00,201
http://www.w3id.org/urban-iot/core,0,0,0,0,0,0,0,0.00,201
http://micra.com/COSMO/COSMO.owl,0,0,0,0,0,0,0,0.00,201
http://sswapmeet.sswap.info/sswap/owlOntology,0,0,0,0,0,0,0,0.00,201
https://git.onem2m.org/MAS/BaseOntology/raw/master/base_ontology.owl,0,0,0,0,0,0,0,0.00,201
https://saref.etsi.org/saref4watr/,0,0,0,0,0,0,0,0.00,201
http://www.onto-med.de/ontologies/gfo-basic.owl,1,48,24.5,2,49,24.5,1,0.24,201
http://rds.posccaesar.org/2008/02/OWL/ISO-15926-2_2003,3,24,13.5,2,27,13.5,0,0.13,201
http://promsns.org/def/agr,1,2,1.5,2,3,1.5,1,0.01,201
http://promsns.org/def/decprov,1,2,1.5,2,3,1.5,1,0.01,201
http://data.businessgraph.io/ontology,0,0,0,0,0,0,0,0.00,201
https://bag2.basisregistraties.overheid.nl/bag/def/,201,201,201,1,201,201,0,1.00,201
https://w3id.org/cdc,1,1,1,1,1,1,1,0.00,201
http://id.loc.gov/vocabulary/iso639-1,1,1,1,2,2,1,2,0.01,201
http://promsns.org/def/proms,1,2,1.5,2,3,1.5,1,0.01,201
https://w3id.org/ttla/,201,201,201,1,201,201,0,1.00,201
http://id.loc.gov/vocabulary/graphicMaterials,0,0,0,0,0,0,0,0.00,201
http://id.loc.gov/authorities/subjects,0,0,0,0,0,0,0,0.00,201
https://brickschema.org/schema/1.1/Brick,1,1,1,1,1,1,1,0.00,201
http://purl.allotrope.org/voc/afo/domain/REC/2020/09/class-coordination,1,1,1,2,2,1,2,0.01,201
https://w3id.org/oc/ontology,0,0,0,0,0,0,0,0.00,201
http://vocab.ciudadesabiertas.es/def/transporte/autobus,0,0,0,0,0,0,0,0.00,201
http://id.loc.gov/vocabulary/marcgt,0,0,0,0,0,0,0,0.00,201
https://trakmetamodel.sourceforge.io/vocab/rdf-schema.rdf,1,1,1,1,1,1,1,0.00,201
https://www.w3.org/ns/i18n,1,1,1,2,2,1,2,0.01,201
https://w3id.org/con-tax,1,1,1,1,1,1,1,0.00,201
http://data.bigdatagrapes.eu/resource/ontology/,28,70,49,2,98,49,0,0.49,201
https://w3id.org/cto,0,0,0,0,0,0,0,0.00,201
http://eulersharp.sourceforge.net/2003/03swap/space,1,4,1,7,10,1.428571429,6,0.05,201
http://www.agfa.com/w3c/2009/anatomy,0,0,0,0,0,0,0,0.00,201
http://www.agfa.com/w3c/2009/clinicalObservation,0,0,0,0,0,0,0,0.00,201
http://eulersharp.sourceforge.net/2003/03swap/physicalResource,1,4,1,7,11,1.571428571,5,0.05,201
http://eulersharp.sourceforge.net/2003/03swap/document,1,4,1,7,10,1.428571429,6,0.05,201
http://www.agfa.com/w3c/2009/clinicalSKOSSchemes,0,0,0,0,0,0,0,0.00,201
http://data.qudt.org/qudt/owl/1.0.0/qudt.owl,15,15,15,1,15,15,0,0.07,201
http://data.qudt.org/qudt/owl/1.0.0/quantity.owl,15,15,15,1,15,15,0,0.07,201
http://data.qudt.org/qudt/owl/1.0.0/dimension.owl,1,15,8,2,16,8,1,0.08,201
http://dati.san.beniculturali.it/SAN/TesauroSAN,1,24,2.5,4,30,7.5,1,0.15,201
http://elite.polito.it/ontologies/ucum-instances.owl,1,3,1,3,5,1.666666667,2,0.02,201
http://www.w3.org/ns/lemon/synsem,1,1,1,1,1,1,1,0.00,201
http://www.omg.org/techprocess/ab/SpecificationMetadata/,1,1,1,1,1,1,1,0.00,201
http://semanticscience.org/resource/SIO_000094.rdf,0,0,0,0,0,0,0,0.00,201
http://semanticscience.org/resource/SIO_000616.rdf,1,1,1,2,2,1,2,0.01,201
http://semanticscience.org/resource/SIO_000144.rdf,0,0,0,0,0,0,0,0.00,201
http://semanticscience.org/resource/SIO_000776.rdf,0,0,0,0,0,0,0,0.00,201
http://semanticscience.org/resource/SIO_000074.rdf,0,0,0,0,0,0,0,0.00,201
http://semanticscience.org/resource/SIO_000614.rdf,0,0,0,0,0,0,0,0.00,201
http://semanticscience.org/resource/SIO_000140.rdf,0,0,0,0,0,0,0,0.00,201
http://www.openlinksw.com/ontology/machines,1,1,1,4,4,1,4,0.02,201
http://www.openlinksw.com/ontology/creditcards,1,1,1,4,4,1,4,0.02,201
http://www.openlinksw.com/ontology/vendors,1,1,1,4,4,1,4,0.02,201
http://www.openlinksw.com/ontology/offers,1,1,1,4,4,1,4,0.02,201
http://www.openlinksw.com/ontology/shop,1,1,1,4,4,1,4,0.02,201
http://www.openlinksw.com/ontology/contracts,1,1,1,4,4,1,4,0.02,201
http://www.openlinksw.com/ontology/payments,1,1,1,4,4,1,4,0.02,201
http://purl.allotrope.org/voc/afo/REC/2019/09/afo,1,1,1,2,2,1,2,0.01,201
http://purl.allotrope.org/voc/afo/perspective/REC/2018/04/portion-of-material,1,1,1,2,2,1,2,0.01,201
http://purl.allotrope.org/voc/afo/REC/2018/11/aft,1,2,1.5,2,3,1.5,1,0.01,201
http://purl.allotrope.org/voc/afo/REC/2020/12/afo,1,1,1,2,2,1,2,0.01,201
http://purl.allotrope.org/voc/afo/REC/2018/11/relation,1,1,1,2,2,1,2,0.01,201
http://purl.allotrope.org/voc/afo/REC/2019/12/curation,1,1,1,2,2,1,2,0.01,201
http://purl.allotrope.org/voc/bfo/REC/2018/04/bfo-2-0,1,1,1,2,2,1,2,0.01,201
http://purl.allotrope.org/voc/afo/perspective/REC/2020/03/organization,1,1,1,2,2,1,2,0.01,201
http://purl.oclc.org/NET/ssnx/qu/qu-rec20,1,8,3,3,12,4,1,0.06,201
http://purl.org/spar/foaf,10,10,10,1,10,10,0,0.05,201
http://purl.org/adaptcentre/openscience/ontologies/consent,1,10,1,5,18,3.6,3,0.09,201
http://www.w3.org/ns/ssn/systems/,1,1,1,1,1,1,1,0.00,201
http://purl.org/olia/olia-top.owl,1,20,1,10,36,3.6,6,0.18,201
http://qudt.org/2.1/vocab/dimensionvector,0,0,0,0,0,0,0,0.00,201
http://qudt.org/2.1/vocab/quantitykind,0,0,0,0,0,0,0,0.00,201
http://qudt.org/2.1/schema/qudt,0,0,0,0,0,0,0,0.00,201
http://qudt.org/2.1/vocab/unit,0,0,0,0,0,0,0,0.00,201
http://qudt.org/2.1/vocab/constant,0,0,0,0,0,0,0,0.00,201
http://qudt.org/vocab/unit/acoustics,0,0,0,0,0,0,0,0.00,201
http://www.tele.pw.edu.pl/~sims-onto/TelecomEntity.owl,1,1,1,1,1,1,1,0.00,201
http://www.tele.pw.edu.pl/~sims-onto/ParticipantCharacteristic.owl,1,1,1,1,1,1,1,0.00,201
https://spec.edmcouncil.org/fibo/ontology/FND/ProductsAndServices/ProductsAndServices/,0,0,0,0,0,0,0,0.00,201
https://spec.edmcouncil.org/fibo/ontology/FND/Accounting/CurrencyAmount/,0,0,0,0,0,0,0,0.00,201
https://spec.edmcouncil.org/fibo/ontology/FBC/ProductsAndServices/ClientsAndAccounts/,0,0,0,0,0,0,0,0.00,201
https://spec.edmcouncil.org/fibo/ontology/FBC/FunctionalEntities/BusinessRegistries/,0,0,0,0,0,0,0,0.00,201
https://spec.edmcouncil.org/fibo/ontology/FND/Relations/Relations/,0,0,0,0,0,0,0,0.00,201
https://spec.edmcouncil.org/fibo/ontology/FND/Arrangements/Assessments/,0,0,0,0,0,0,0,0.00,201
https://spec.edmcouncil.org/fibo/ontology/FND/Quantities/QuantitiesAndUnits/,0,0,0,0,0,0,0,0.00,201
https://spec.edmcouncil.org/fibo/ontology/FND/AgentsAndPeople/Agents/,0,0,0,0,0,0,0,0.00,201
https://spec.edmcouncil.org/fibo/ontology/FND/AgentsAndPeople/People/,0,0,0,0,0,0,0,0.00,201
https://spec.edmcouncil.org/fibo/ontology/FND/Parties/Roles/,0,0,0,0,0,0,0,0.00,201
https://spec.edmcouncil.org/fibo/ontology/FND/Parties/Parties/,0,0,0,0,0,0,0,0.00,201
https://spec.edmcouncil.org/fibo/ontology/FND/Arrangements/Reporting/,0,0,0,0,0,0,0,0.00,201
https://spec.edmcouncil.org/fibo/ontology/FND/Arrangements/Documents/,0,0,0,0,0,0,0,0.00,201
https://spec.edmcouncil.org/fibo/ontology/FBC/FunctionalEntities/FinancialServicesEntities/,0,0,0,0,0,0,0,0.00,201
https://spec.edmcouncil.org/fibo/ontology/FND/Arrangements/Ratings/,0,0,0,0,0,0,0,0.00,201
https://spec.edmcouncil.org/fibo/ontology/FND/DatesAndTimes/Occurrences/,0,0,0,0,0,0,0,0.00,201
https://spec.edmcouncil.org/fibo/ontology/FND/Places/Locations/,0,0,0,0,0,0,0,0.00,201
http://publications.europa.eu/resource/authority/language,1,1,1,2,2,1,2,0.01,201
http://www.ontologydesignpatterns.org/cp/owl/descriptionandsituation.owl,1,3,2,2,4,2,1,0.02,201
http://www.yso.fi/onto/ysa/,0,0,0,0,0,0,0,0.00,201
http://www.yso.fi/onto/allars/,0,0,0,0,0,0,0,0.00,201
http://www.agfa.com/w3c/2009/healthCareAdministration,0,0,0,0,0,0,0,0.00,201
http://id.loc.gov/vocabulary/preservation,0,0,0,0,0,0,0,0.00,201
http://id.loc.gov/vocabulary/preservation/eventType,0,0,0,0,0,0,0,0.00,201
http://purl.org/net/EvaluationResult,1,7,1,6,14,2.333333333,4,0.07,201
http://purl.org/net/QualityModel,2,5,3,3,10,3.333333333,0,0.05,201
http://permid.org/ontology/trbc/,1,8,2,17,40,2.352941176,7,0.20,201
http://permid.org/ontology/common/,1,1,1,2,2,1,2,0.01,201
http://permid.org/ontology/tr-vcard/,0,0,0,0,0,0,0,0.00,201
http://iiif.io/api/presentation/2,0,0,0,0,0,0,0,0.00,201
http://purl.obolibrary.org/obo/iao/pno.owl,1,1,1,1,1,1,1,0.00,201
http://purl.obolibrary.org/obo/iao/d-acts.owl,0,0,0,0,0,0,0,0.00,201
http://purl.obolibrary.org/obo/uo.owl,1,1,1,1,1,1,1,0.00,201
http://purl.obolibrary.org/obo/gaz.owl,0,0,0,0,0,0,0,0.00,201
http://purl.obolibrary.org/obo/pato.owl,0,0,0,0,0,0,0,0.00,201
http://purl.obolibrary.org/obo/po/imports/ro_import.owl,0,0,0,0,0,0,0,0.00,201
http://purl.obolibrary.org/obo/po/imports/ncbitaxon_import.owl,0,0,0,0,0,0,0,0.00,201
http://www.ifomis.org/bfo/1.0,1,1,1,3,3,1,3,0.01,201
http://purl.org/spar/tvc,1,5,5,3,11,3.666666667,1,0.05,201
http://purl.org/ao/core/,1,12,1,4,15,3.75,3,0.07,201
http://purl.org/NET/dc_owl2dl/terms_od,1,38,19.5,2,39,19.5,1,0.19,201
http://purl.org/wf4ever/ore-owl,1,7,2.5,4,13,3.25,2,0.06,201
http://www.linkedmodel.org/1.0/schema/dtype,3,3,3,1,3,3,0,0.01,201
http://www.linkedmodel.org/1.2/schema/vaem,3,3,3,1,3,3,0,0.01,201
http://www.w3.org/ns/prov-dc-refinements,1,1,1,2,2,1,2,0.01,201
http://www.w3.org/ns/prov-dc-directmappings,0,0,0,0,0,0,0,0.00,201
https://w3id.org/arco/ontology/movable-property,0,0,0,0,0,0,0,0.00,201
https://w3id.org/arco/ontology/immovable-property,0,0,0,0,0,0,0,0.00,201
https://w3id.org/eep,0,0,0,0,0,0,0,0.00,201
http://eulersharp.sourceforge.net/2003/03swap/time,1,4,1,9,12,1.333333333,8,0.06,201
http://brt.basisregistraties.overheid.nl/id/begrippenkader/top10nl,1,1,1,1,1,1,1,0.00,201
http://ontology.ethereal.cz/ygo,1,1,1,1,1,1,1,0.00,201
http://ontology.ethereal.cz/irao,1,1,1,1,1,1,1,0.00,201
https://w3id.org/tso,0,0,0,0,0,0,0,0.00,201
http://data.ign.fr/id/codes/geofla/typedecommune/liste,1,9,1,9,17,1.888888889,8,0.08,201
https://id.kb.se/marc,201,201,201,1,201,201,0,1.00,201
http://id.loc.gov/vocabulary/menclvl,0,0,0,0,0,0,0,0.00,201
http://id.loc.gov/datatypes/edtf,0,0,0,0,0,0,0,0.00,201
http://id.loc.gov/vocabulary/issuance,0,0,0,0,0,0,0,0.00,201
http://qudt.org/2.1/vocab/sou,0,0,0,0,0,0,0,0.00,201
http://qudt.org/2.1/vocab/prefix,0,0,0,0,0,0,0,0.00,201
http://qudt.org/vocab/sou,0,0,0,0,0,0,0,0.00,201
http://id.loc.gov/vocabulary/identifiers,0,0,0,0,0,0,0,0.00,201
http://www.agfa.com/w3c/2009/clinicalMorphology,0,0,0,0,0,0,0,0.00,201
http://datos.bcn.cl/ontologies/bcn-resources,1,1,1,1,1,1,1,0.00,201
http://eulersharp.sourceforge.net/2003/03swap/foster,1,4,1,7,10,1.428571429,6,0.05,201
http://eulersharp.sourceforge.net/2003/03swap/unitsExtension,1,4,1,8,12,1.5,6,0.06,201
http://www.kanzaki.com/ns/dliser.rdf,0,0,0,0,0,0,0,0.00,201
http://purl.allotrope.org/voc/afo/domain/WD/2019/12/function-generator,1,1,1,2,2,1,2,0.01,201
http://purl.allotrope.org/voc/afo/domain/REC/2019/12/chromatography,1,1,1,2,2,1,2,0.01,201
http://purl.allotrope.org/ontologies/common/qualifier,1,2,1,9,11,1.222222222,7,0.05,201
http://purl.allotrope.org/voc/afo/REC/2020/03/aft,1,1,1,2,2,1,2,0.01,201
http://purl.allotrope.org/voc/skos/REC/2018/10/skos,1,1,1,2,2,1,2,0.01,201
http://semanticscience.org/resource/CHEMINF_000442.rdf,0,0,0,0,0,0,0,0.00,201
http://semanticscience.org/resource/SIO_000588.rdf,0,0,0,0,0,0,0,0.00,201
http://purl.allotrope.org/voc/afo/REC/2018/07/curation,1,1,1,2,2,1,2,0.01,201
http://melodi.irit.fr/ontologies/eoam.owl,0,0,0,0,0,0,0,0.00,201
http://purl.obolibrary.org/obo/ncbitaxon.owl,0,0,0,0,0,0,0,0.00,201
http://purl.obolibrary.org/obo/cl.owl,0,0,0,0,0,0,0,0.00,201
http://purl.allotrope.org/voc/afo/REC/2019/06/aft,1,1,1,2,2,1,2,0.01,201
http://semanticscience.org/resource/SIO_001007.rdf,0,0,0,0,0,0,0,0.00,201
http://purl.obolibrary.org/obo/envo.owl,0,0,0,0,0,0,0,0.00,201
http://msi-ontology.sourceforge.net/ontology/NMR.owl,1,2,1,4,5,1.25,3,0.02,201
http://purl.org/NET/util/ann,38,38,38,1,38,38,0,0.19,201
http://www.w3id.org/def/caso,1,1,1,1,1,1,1,0.00,201
https://saref.etsi.org/saref4bldg/,0,0,0,0,0,0,0,0.00,201
https://saref.etsi.org/saref4ehaw/,0,0,0,0,0,0,0,0.00,201
https://saref.etsi.org/saref4inma/,0,0,0,0,0,0,0,0.00,201
https://w3id.org/sbeo,0,0,0,0,0,0,0,0.00,201
https://mdcs.monumentenkennis.nl/damageatlas/ontology,22,22,22,1,22,22,0,0.11,201
http://www.ontologydesignpatterns.org/cp/owl/countingas.owl,1,3,2,2,4,2,1,0.02,201
http://www.ontologydesignpatterns.org/cp/owl/agentrole.owl,1,3,2,2,4,2,1,0.02,201
http://semanticscience.org/resource/SIO_000658.rdf,0,0,0,0,0,0,0,0.00,201
http://purl.obolibrary.org/obo/clo.owl,0,0,0,0,0,0,0,0.00,201
http://semanticscience.org/resource/SIO_000657.rdf,0,0,0,0,0,0,0,0.00,201
http://semanticscience.org/resource/SIO_000008.rdf,0,0,0,0,0,0,0,0.00,201
http://semanticscience.org/resource/SIO_000652.rdf,0,0,0,0,0,0,0,0.00,201
http://purl.obolibrary.org/obo/go.owl,0,0,0,0,0,0,0,0.00,201
http://purl.obolibrary.org/obo/bto.owl,0,0,0,0,0,0,0,0.00,201
http://www.productontology.org/,1,1,1,7,7,1,7,0.03,201
http://timbus.teco.edu/ontologies/DIO.owl,1,1,1,2,2,1,2,0.01,201
http://purl.obolibrary.org/obo/ro.owl,0,0,0,0,0,0,0,0.00,201
http://dcat-ap.de/def/licenses,0,0,0,0,0,0,0,0.00,201
http://www.virtual-assembly.org/DataFoodConsortium/BusinessOntology,1,3,2,5,9,1.8,2,0.04,201
http://www.agfa.com/w3c/2009/bacteria,0,0,0,0,0,0,0,0.00,201
http://www.agfa.com/w3c/2009/virus,0,0,0,0,0,0,0,0.00,201
http://data.ign.fr/id/codes/topo/typedebatiment/liste,1,9,1,7,17,2.428571429,5,0.08,201
http://data.ign.fr/id/codes/topo/typedezai/liste,1,9,1,7,15,2.142857143,6,0.07,201
http://data.ign.fr/id/codes/topo/typedefranchissement/liste,1,9,1,7,16,2.285714286,5,0.08,201
http://data.ign.fr/id/codes/topo/typedeterraindesport/liste,1,9,1,6,14,2.333333333,5,0.07,201
http://data.ign.fr/id/codes/topo/typederoute/liste,1,9,1,7,15,2.142857143,6,0.07,201
http://data.ign.fr/id/codes/topo/typedepointdeau/liste,1,9,1,8,16,2,7,0.08,201
http://data.ign.fr/id/codes/topo/typederelief/liste,1,9,1,8,16,2,7,0.08,201
http://data.ign.fr/id/codes/topo/typedevegetation/liste,1,9,1,9,17,1.888888889,8,0.08,201
http://data.ign.fr/id/codes/topo/typedeconstruction/liste,1,9,1,8,16,2,7,0.08,201
http://data.ign.fr/id/codes/topo/typedevoieferree/liste,1,9,1,8,16,2,7,0.08,201
http://data.ign.fr/id/codes/topo/typedetransportcable/liste,1,9,1,8,16,2,7,0.08,201
http://data.ign.fr/id/codes/topo/typedereservoir/liste,1,9,1,9,18,2,7,0.09,201
http://data.ign.fr/id/codes/topo/typedelaisse/liste,1,9,1,8,17,2.125,6,0.08,201
http://lod.taxonconcept.org/ontology/year.owl,1,1,1,1,1,1,1,0.00,201
http://lod.taxonconcept.org/ontology/taxnomen/index.owl,1,45,23,2,46,23,1,0.23,201
http://semanticscience.org/resource/SIO_001167.rdf,0,0,0,0,0,0,0,0.00,201
http://purl.org/net/bel-epa/ccy,53,77,69,3,199,66.33333333,0,0.99,201
http://purl.org/spar/frbr,1,5,1,7,12,1.714285714,5,0.06,201
http://www.w3.org/ns/prov-dictionary,0,0,0,0,0,0,0,0.00,201
http://www.w3.org/ns/prov-links,0,0,0,0,0,0,0,0.00,201
https://w3id.org/okn/o/sd,0,0,0,0,0,0,0,0.00,201
https://data.vlaanderen.be/ns/generiek,53,77,69,3,199,66.33333333,0,0.99,201
http://dataid.dbpedia.org/ns/mods,53,77,69,3,199,66.33333333,0,0.99,201
http://dataid.dbpedia.org/ns/mod,0,0,0,0,0,0,0,0.00,201
http://www.opengis.net/def/function/geosparql,0,0,0,0,0,0,0,0.00,201
http://www.opengis.net/def/uom,7,7,7,1,7,7,0,0.03,201
http://vocab.ciudadesabiertas.es/def/sector-publico/empleo,0,0,0,0,0,0,0,0.00,201
https://www.w3id.org/bop,0,0,0,0,0,0,0,0.00,201
https://w3id.org/ldes#Vocabulary,1,1,1,1,1,1,1,0.00,201
http://www.openlinksw.com/ontology/installers#,1,1,1,5,5,1,5,0.03,194
https://spec.edmcouncil.org/fibo/ontology/FND/Organizations/Organizations/,0,0,0,0,0,0,0,0.00,194
https://spec.edmcouncil.org/fibo/ontology/FND/Utilities/AnnotationVocabulary/,0,0,0,0,0,0,0,0.00,194
https://spec.edmcouncil.org/fibo/ontology/FND/Arrangements/IdentifiersAndIndices/,0,0,0,0,0,0,0,0.00,194
https://spec.edmcouncil.org/fibo/ontology/FND/DatesAndTimes/BusinessDates/,1,1,1,1,1,1,1,0.01,194
https://spec.edmcouncil.org/fibo/ontology/FND/DatesAndTimes/FinancialDates/,0,0,0,0,0,0,0,0.00,194
https://www.omg.org/spec/LCC/Languages/LanguageRepresentation/,1,2,1,4,5,1.25,3,0.03,194
http://semanticscience.org/resource/SIO_000028.rdf,1,1,1,1,1,1,1,0.01,194
http://semanticscience.org/resource/SIO_010079.rdf,1,1,1,1,1,1,1,0.01,194
http://semanticscience.org/resource/SIO_000750.rdf,1,1,1,1,1,1,1,0.01,194
http://semanticscience.org/resource/SIO_010078.rdf,0,0,0,0,0,0,0,0.00,194
http://id.loc.gov/ontologies/RecordInfo,1,2,1.5,2,3,1.5,1,0.02,194
https://spec.edmcouncil.org/fibo/ontology/FND/Arrangements/Arrangements/,0,0,0,0,0,0,0,0.00,194
http://vocab.linkeddata.es/datosabiertos/kos/sector-publico/empleo/empleado-publico,0,0,0,0,0,0,0,0.00,194
http://vocab.linkeddata.es/datosabiertos/kos/sector-publico/empleo/turno,0,0,0,0,0,0,0,0.00,194
http://vocab.linkeddata.es/datosabiertos/kos/sector-publico/empleo/grupo-profesional,0,0,0,0,0,0,0,0.00,194
http://vocab.linkeddata.es/datosabiertos/kos/sector-publico/empleo/modalidad,0,0,0,0,0,0,0,0.00,194
http://vocab.linkeddata.es/datosabiertos/kos/sector-publico/empleo/cuerpo,0,0,0,0,0,0,0,0.00,194
https://spec.edmcouncil.org/fibo/ontology/FND/Places/Addresses/,0,0,0,0,0,0,0,0.00,194
https://www.omg.org/spec/LCC/Countries/CountryRepresentation/,1,2,1,3,4,1.333333333,2,0.02,194
https://w3id.org/citedcat-ap/,0,0,0,0,0,0,0,0.00,188
http://semanticscience.org/resource/SIO_010082.rdf,0,0,0,0,0,0,0,0.00,188
http://semanticscience.org/resource/SIO_000338.rdf,1,1,1,1,1,1,1,0.01,188
http://semanticscience.org/resource/SIO_010080.rdf,0,0,0,0,0,0,0,0.00,188
http://semanticscience.org/resource/SIO_010083.rdf,1,1,1,1,1,1,1,0.01,188
http://semanticscience.org/resource/SIO_000339.rdf,1,1,1,1,1,1,1,0.01,188
http://semanticscience.org/resource/SIO_010081.rdf,0,0,0,0,0,0,0,0.00,188
https://spec.edmcouncil.org/fibo/ontology/FND/Organizations/FormalOrganizations/,0,0,0,0,0,0,0,0.00,188
http://semanticscience.org/resource/SIO_000602.rdf,0,0,0,0,0,0,0,0.00,188
https://www.omg.org/spec/LCC/Languages/AboutLanguages/,1,2,1,3,4,1.333333333,2,0.02,188
https://www.omg.org/spec/LCC/AboutLCC/,1,2,1,3,4,1.333333333,2,0.02,188
https://spec.edmcouncil.org/fibo/ontology/FND/Utilities/Analytics/,0,0,0,0,0,0,0,0.00,188
https://spec.edmcouncil.org/fibo/ontology/FND/Arrangements/ClassificationSchemes/,0,0,0,0,0,0,0,0.00,188
http://cso.kmi.open.ac.uk/schema/cso#,0,0,0,0,0,0,0,0.00,188
http://www.ontologyrepository.com/CommonCoreOntologies/Mid/InformationEntityOntology,1,1,1,1,1,1,1,0.01,188
http://www.openlinksw.com/ontology/depot#,1,1,1,6,6,1,6,0.03,188
http://www.openlinksw.com/ontology/stepbyguide#,1,1,1,5,5,1,5,0.03,188
https://spec.edmcouncil.org/fibo/ontology/FND/GoalsAndObjectives/Objectives/,0,0,0,0,0,0,0,0.00,188
https://spec.edmcouncil.org/fibo/ontology/FBC/ProductsAndServices/FinancialProductsAndServices/,0,0,0,0,0,0,0,0.00,188
https://spec.edmcouncil.org/fibo/ontology/FBC/FinancialInstruments/FinancialInstruments/,7,7,7,1,7,7,0,0.04,188
https://spec.edmcouncil.org/fibo/ontology/BE/LegalEntities/FormalBusinessOrganizations/,0,0,0,0,0,0,0,0.00,188
https://spec.edmcouncil.org/fibo/ontology/FND/Accounting/AccountingEquity/,0,0,0,0,0,0,0,0.00,188
https://spec.edmcouncil.org/fibo/ontology/FBC/FunctionalEntities/RegistrationAuthorities/,0,0,0,0,0,0,0,0.00,188
https://spec.edmcouncil.org/fibo/ontology/FND/OwnershipAndControl/Ownership/,0,0,0,0,0,0,0,0.00,188
https://spec.edmcouncil.org/fibo/ontology/FBC/DebtAndEquities/Debt/,0,0,0,0,0,0,0,0.00,188
https://spec.edmcouncil.org/fibo/ontology/FND/Agreements/Contracts/,0,0,0,0,0,0,0,0.00,188
https://spec.edmcouncil.org/fibo/ontology/BE/FunctionalEntities/FunctionalEntities/,0,0,0,0,0,0,0,0.00,188
https://spec.edmcouncil.org/fibo/ontology/BE/OwnershipAndControl/Executives/,0,0,0,0,0,0,0,0.00,188
https://www.omg.org/spec/LCC/Countries/AboutCountries/,1,2,1,4,5,1.25,3,0.03,188
http://semanticscience.org/resource/SIO_000145.rdf,0,0,0,0,0,0,0,0.00,188
http://semanticscience.org/resource/SIO_000068.rdf,0,0,0,0,0,0,0,0.00,188
http://semanticscience.org/resource/SIO_000053.rdf,0,0,0,0,0,0,0,0.00,188
https://spec.edmcouncil.org/fibo/ontology/BE/OwnershipAndControl/CorporateOwnership/,0,0,0,0,0,0,0,0.00,181
https://spec.edmcouncil.org/fibo/ontology/BE/LegalEntities/LegalPersons/,0,0,0,0,0,0,0,0.00,181
https://spec.edmcouncil.org/fibo/ontology/FND/Law/Jurisdiction/,0,0,0,0,0,0,0,0.00,181
https://spec.edmcouncil.org/fibo/ontology/FBC/FunctionalEntities/Markets/,0,0,0,0,0,0,0,0.00,181
http://qudt.org/2.1/schema/extensions/imports,0,0,0,0,0,0,0,0.00,181
https://spec.edmcouncil.org/fibo/ontology/FND/Agreements/Agreements/,0,0,0,0,0,0,0,0.00,181
https://spec.edmcouncil.org/fibo/ontology/BE/OwnershipAndControl/CorporateControl/,0,0,0,0,0,0,0,0.00,181
https://spec.edmcouncil.org/fibo/ontology/BE/OwnershipAndControl/ControlParties/,0,0,0,0,0,0,0,0.00,181
https://spec.edmcouncil.org/fibo/ontology/BE/Corporations/Corporations/,0,0,0,0,0,0,0,0.00,181
https://spec.edmcouncil.org/fibo/ontology/FND/Law/LegalCapacity/,0,0,0,0,0,0,0,0.00,181
https://spec.edmcouncil.org/fibo/ontology/FND/OwnershipAndControl/Control/,0,0,0,0,0,0,0,0.00,181
https://spec.edmcouncil.org/fibo/ontology/BE/LegalEntities/CorporateBodies/,0,0,0,0,0,0,0,0.00,181
https://spec.edmcouncil.org/fibo/ontology/FND/Law/LegalCore/,0,0,0,0,0,0,0,0.00,181
https://spec.edmcouncil.org/fibo/ontology/BE/OwnershipAndControl/OwnershipParties/,0,0,0,0,0,0,0,0.00,181
https://spec.edmcouncil.org/fibo/ontology/BE/LegalEntities/LEIEntities/,0,0,0,0,0,0,0,0.00,181
https://spec.edmcouncil.org/fibo/ontology/FND/Arrangements/Lifecycles/,0,0,0,0,0,0,0,0.00,181
https://spec.edmcouncil.org/fibo/ontology/FBC/FunctionalEntities/RegulatoryAgencies/,0,0,0,0,0,0,0,0.00,181
https://spec.edmcouncil.org/fibo/ontology/BE/FunctionalEntities/Publishers/,1,1,1,1,1,1,1,0.01,181
http://publications.europa.eu/resource/authority/asset-classification,1,1,1,1,1,1,1,0.01,181
http://publications.europa.eu/resource/authority/dataset-type,1,1,1,1,1,1,1,0.01,181
http://publications.europa.eu/resource/authority/file-type,1,1,1,2,2,1,2,0.01,181
http://publications.europa.eu/resource/authority/corporate-body,1,1,1,2,2,1,2,0.01,181
http://semanticscience.org/resource/SIO_001300.rdf,1,1,1,1,1,1,1,0.01,181
http://semanticscience.org/resource/SIO_000097.rdf,0,0,0,0,0,0,0,0.00,181
http://semanticscience.org/resource/SIO_000067.rdf,0,0,0,0,0,0,0,0.00,181
http://semanticscience.org/resource/SIO_000754.rdf,0,0,0,0,0,0,0,0.00,181
http://semanticscience.org/resource/SIO_000753.rdf,0,0,0,0,0,0,0,0.00,181
http://semanticscience.org/resource/SIO_000069.rdf,0,0,0,0,0,0,0,0.00,181
http://semanticscience.org/resource/SIO_000756.rdf,1,1,1,2,2,1,2,0.01,181
http://semanticscience.org/resource/SIO_000762.rdf,0,0,0,0,0,0,0,0.00,181
http://semanticscience.org/resource/SIO_000015.rdf,0,0,0,0,0,0,0,0.00,181
http://semanticscience.org/resource/SIO_000752.rdf,0,0,0,0,0,0,0,0.00,181
http://semanticscience.org/resource/SIO_000755.rdf,0,0,0,0,0,0,0,0.00,181
http://semanticscience.org/resource/SIO_001165.rdf,0,0,0,0,0,0,0,0.00,181
http://semanticscience.org/resource/SIO_000093.rdf,0,0,0,0,0,0,0,0.00,181
http://semanticscience.org/resource/SIO_000273.rdf,0,0,0,0,0,0,0,0.00,181
http://semanticscience.org/resource/SIO_000054.rdf,0,0,0,0,0,0,0,0.00,181
http://semanticscience.org/resource/SIO_000974.rdf,0,0,0,0,0,0,0,0.00,181
http://semanticscience.org/resource/SIO_000061.rdf,0,0,0,0,0,0,0,0.00,181
http://semanticscience.org/resource/SIO_000322.rdf,0,0,0,0,0,0,0,0.00,181
http://semanticscience.org/resource/SIO_000202.rdf,1,1,1,1,1,1,1,0.01,181
http://semanticscience.org/resource/SIO_000243.rdf,0,0,0,0,0,0,0,0.00,181
http://semanticscience.org/resource/SIO_000563.rdf,1,1,1,1,1,1,1,0.01,181
http://www.ontologyrepository.com/CommonCoreOntologies/Mid/GeospatialOntology,1,1,1,1,1,1,1,0.01,181
http://www.ontologyrepository.com/CommonCoreOntologies/Mid/TimeOntology,1,1,1,1,1,1,1,0.01,181
https://spec.edmcouncil.org/fibo/ontology/FND/ProductsAndServices/PaymentsAndSchedules/,0,0,0,0,0,0,0,0.00,181
http://semanticscience.org/resource/SIO_000557.rdf,0,0,0,0,0,0,0,0.00,181
http://purl.org/cld/terms/Frequency,1,12,1,5,16,3.2,4,0.09,175
https://www.omg.org/spec/LCC/Countries/ISO3166-1-CountryCodes/,1,1,1,2,2,1,2,0.01,174
https://www.omg.org/spec/LCC/Countries/ISO3166-1-CountryCodes-Adjunct/,1,1,1,2,2,1,2,0.01,174
https://www.omg.org/spec/LCC/Countries/Regions/AboutRegions/,1,1,1,2,2,1,2,0.01,174
https://www.omg.org/spec/LCC/Countries/ISO3166-2-SubdivisionCodes/,1,1,1,2,2,1,2,0.01,174
https://www.omg.org/spec/LCC/Countries/ISO3166-2-SubdivisionCodes-Adjunct/,1,1,1,2,2,1,2,0.01,174
https://www.omg.org/spec/LCC/Countries/UN-M49-RegionCodes/,1,1,1,2,2,1,2,0.01,174
https://www.omg.org/spec/LCC/Languages/ISO639-1-LanguageCodes/,1,1,1,3,3,1,3,0.02,174
https://www.omg.org/spec/LCC/Languages/ISO639-2-LanguageCodes/,1,1,1,2,2,1,2,0.01,174
http://w3id.org/idpo,1,1,1,1,1,1,1,0.01,168
https://w3id.org/bcom,1,1,1,2,2,1,2,0.01,168
http://lbd.arch.rwth-aachen.de/bcfOWL#,0,0,0,0,0,0,0,0.00,168
http://purl.org/signify/ns#,1,7,1,5,12,2.4,3,0.07,165
http://purl.obolibrary.org/obo/mop.owl,0,0,0,0,0,0,0,0.00,160
http://www.purl.org/dabgeo/common-domain/ders,1,12,1,3,14,4.666666667,2,0.09,149
https://w3id.org/rail/topo#,1,1,1,1,1,1,1,0.01,144
http://viaf.org/,1,1,1,2,2,1,2,0.01,144
http://semanticchemistry.github.io/semanticchemistry/ontology/cheminf.owl,0,0,0,0,0,0,0,0.00,140
http://purl.obolibrary.org/obo/chmo.owl,0,0,0,0,0,0,0,0.00,140
http://purl.org/ontology/video/,1,12,1,3,14,4.666666667,2,0.10,137
http://purl.obolibrary.org/obo/doid.owl,2,2,2,1,2,2,0,0.02,132
http://purl.obolibrary.org/obo/uberon/bridge/uberon-bridge-to-zfa.owl,1,7,4,2,8,4,1,0.06,132
http://purl.obolibrary.org/obo/uberon/bridge/uberon-bridge-to-ma.owl,1,7,4,2,8,4,1,0.06,132
http://purl.obolibrary.org/obo/uberon/bridge/collected-metazoan.owl,1,1,1,1,1,1,1,0.01,132
http://purl.obolibrary.org/obo/uberon/bridge/collected-vertebrate.owl,1,1,1,1,1,1,1,0.01,132
http://purl.obolibrary.org/obo/cl/cl-base.owl,1,1,1,1,1,1,1,0.01,132
http://purl.obolibrary.org/obo/ncbitaxon/subsets/taxslim.owl,0,0,0,0,0,0,0,0.00,132
http://purl.obolibrary.org/obo/ncbitaxon/subsets/taxslim-disjoint-over-in-taxon.owl,0,0,0,0,0,0,0,0.00,132
http://purl.obolibrary.org/obo/ro/core.owl,0,0,0,0,0,0,0,0.00,132
http://purl.obolibrary.org/obo/ro/subsets/ro-interaction.owl,0,0,0,0,0,0,0,0.00,132
http://purl.obolibrary.org/obo/obi/obi_core.owl,0,0,0,0,0,0,0,0.00,132
http://purl.obolibrary.org/obo/pato/pato-base.owl,1,1,1,1,1,1,1,0.01,132
http://purl.obolibrary.org/obo/aeo.owl,0,0,0,0,0,0,0,0.00,132
http://purl.obolibrary.org/obo/envo/subsets/envoEmpo.owl,0,0,0,0,0,0,0,0.00,132
http://purl.obolibrary.org/obo/iao/ontology-metadata.owl,0,0,0,0,0,0,0,0.00,132
http://purl.obolibrary.org/obo/peco.owl,0,0,0,0,0,0,0,0.00,132
http://purl.obolibrary.org/obo/bspo.owl,0,0,0,0,0,0,0,0.00,132
http://purl.obolibrary.org/obo/amphx/amphx.owl,1,1,1,1,1,1,1,0.01,132
http://purl.obolibrary.org/obo/apo.owl,0,0,0,0,0,0,0,0.00,132
http://purl.obolibrary.org/obo/apollo_sv.owl,0,0,0,0,0,0,0,0.00,132
http://purl.obolibrary.org/obo/chiro.owl,0,0,0,0,0,0,0,0.00,132
http://purl.obolibrary.org/obo/cio.owl,0,0,0,0,0,0,0,0.00,132
http://purl.obolibrary.org/obo/clao.owl,0,0,0,0,0,0,0,0.00,132
http://purl.obolibrary.org/obo/cob.owl,0,0,0,0,0,0,0,0.00,132
http://purl.obolibrary.org/obo/cro.owl,0,0,0,0,0,0,0,0.00,132
http://purl.obolibrary.org/obo/cteno.owl,0,0,0,0,0,0,0,0.00,132
http://purl.obolibrary.org/obo/cto.owl,53,69,61,2,122,61,0,0.92,132
http://purl.obolibrary.org/obo/cvdo.owl,1,1,1,1,1,1,1,0.01,132
http://purl.obolibrary.org/obo/ddanat.owl,0,0,0,0,0,0,0,0.00,132
http://purl.obolibrary.org/obo/ddpheno.owl,0,0,0,0,0,0,0,0.00,132
http://purl.obolibrary.org/obo/dideo.owl,0,0,0,0,0,0,0,0.00,132
http://purl.obolibrary.org/obo/dron.owl,1,1,1,1,1,1,1,0.01,132
http://purl.obolibrary.org/obo/duo.owl,0,0,0,0,0,0,0,0.00,132
http://purl.obolibrary.org/obo/eco.owl,0,0,0,0,0,0,0,0.00,132
http://purl.obolibrary.org/obo/ecocore.owl,0,0,0,0,0,0,0,0.00,132
http://purl.obolibrary.org/obo/ecto/ecto-base.owl,0,0,0,0,0,0,0,0.00,132
http://purl.obolibrary.org/obo/exo.owl,1,1,1,2,2,1,2,0.02,132
http://purl.obolibrary.org/obo/maxo/maxo-base.owl,0,0,0,0,0,0,0,0.00,132
http://purl.obolibrary.org/obo/xco.owl,0,0,0,0,0,0,0,0.00,131
http://purl.obolibrary.org/obo/emapa.owl,0,0,0,0,0,0,0,0.00,131
http://purl.obolibrary.org/obo/foodon.owl,1,1,1,1,1,1,1,0.01,131
http://purl.obolibrary.org/obo/fao.owl,0,0,0,0,0,0,0,0.00,131
http://purl.obolibrary.org/obo/fbdv/fbdv-simple.owl,0,0,0,0,0,0,0,0.00,131
http://purl.obolibrary.org/obo/fideo.owl,1,2,1,3,4,1.333333333,2,0.03,131
http://purl.obolibrary.org/obo/fovt/fovt-base.owl,8,8,8,1,8,8,0,0.06,131
http://purl.obolibrary.org/obo/gecko.owl,0,0,0,0,0,0,0,0.00,131
http://purl.obolibrary.org/obo/genepio.owl,0,0,0,0,0,0,0,0.00,131
http://purl.obolibrary.org/obo/geno.owl,0,0,0,0,0,0,0,0.00,131
http://purl.obolibrary.org/obo/geo.owl,0,0,0,0,0,0,0,0.00,131
http://purl.obolibrary.org/obo/hancestro/hancestro.owl,0,0,0,0,0,0,0,0.00,131
http://purl.obolibrary.org/obo/hao.owl,0,0,0,0,0,0,0,0.00,131
http://purl.obolibrary.org/obo/hao/depictions.owl,0,0,0,0,0,0,0,0.00,131
http://purl.obolibrary.org/obo/hom.owl,0,0,0,0,0,0,0,0.00,131
http://purl.obolibrary.org/obo/hsapdv.owl,0,0,0,0,0,0,0,0.00,131
http://purl.obolibrary.org/obo/hso.owl,0,0,0,0,0,0,0,0.00,131
http://purl.obolibrary.org/obo/ico.owl,0,0,0,0,0,0,0,0.00,131
http://purl.obolibrary.org/obo/labo.owl,0,0,0,0,0,0,0,0.00,131
http://purl.obolibrary.org/obo/ogms.owl,21,21,21,1,21,21,0,0.16,131
http://purl.obolibrary.org/obo/ma.owl,0,0,0,0,0,0,0,0.00,131
http://purl.obolibrary.org/obo/mco.owl,0,0,0,0,0,0,0,0.00,131
http://purl.obolibrary.org/obo/omp.owl,0,0,0,0,0,0,0,0.00,131
http://purl.obolibrary.org/obo/zeco.owl,0,0,0,0,0,0,0,0.00,131
http://purl.obolibrary.org/obo/MF.owl,2,2,2,1,2,2,0,0.02,131
http://purl.obolibrary.org/obo/mfmo.owl,0,0,0,0,0,0,0,0.00,131
http://purl.obolibrary.org/obo/MFOEM.owl,2,2,2,1,2,2,0,0.02,131
http://purl.obolibrary.org/obo/MFOMD.owl,0,0,0,0,0,0,0,0.00,131
http://purl.obolibrary.org/obo/mi.owl,0,0,0,0,0,0,0,0.00,131
http://purl.obolibrary.org/obo/miapa.owl,0,0,0,0,0,0,0,0.00,131
http://purl.obolibrary.org/obo/mmo.owl,0,0,0,0,0,0,0,0.00,131
http://purl.obolibrary.org/obo/mmusdv.owl,0,0,0,0,0,0,0,0.00,131
http://purl.obolibrary.org/obo/mod.owl,0,0,0,0,0,0,0,0.00,131
http://purl.obolibrary.org/obo/mpath.owl,0,0,0,0,0,0,0,0.00,131
http://purl.obolibrary.org/obo/mpio.owl,0,0,0,0,0,0,0,0.00,131
http://purl.obolibrary.org/obo/ms.owl,0,0,0,0,0,0,0,0.00,131
http://purl.obolibrary.org/obo/ncro.owl,0,0,0,0,0,0,0,0.00,131
http://purl.obolibrary.org/obo/oarcs.owl,0,0,0,0,0,0,0,0.00,131
http://purl.obolibrary.org/obo/obcs.owl,0,0,0,0,0,0,0,0.00,131
http://purl.obolibrary.org/obo/obib.owl,0,0,0,0,0,0,0,0.00,131
http://purl.obolibrary.org/obo/ohd.owl,0,0,0,0,0,0,0,0.00,130
http://purl.obolibrary.org/obo/olatdv.owl,0,0,0,0,0,0,0,0.00,130
http://purl.obolibrary.org/obo/omo.owl,0,0,0,0,0,0,0,0.00,130
https://raw.githubusercontent.com/enpadasi/Ontology-for-Nutritional-Studies/master/ons.owl,52,52,52,1,52,52,0,0.40,130
http://purl.obolibrary.org/obo/ontoneo.owl,0,0,0,0,0,0,0,0.00,130
http://purl.obolibrary.org/obo/oostt.owl,0,0,0,0,0,0,0,0.00,130
http://purl.obolibrary.org/obo/opl.owl,0,0,0,0,0,0,0,0.00,130
http://purl.obolibrary.org/obo/ornaseq.owl,0,0,0,0,0,0,0,0.00,130
http://purl.obolibrary.org/obo/pdro.owl,0,0,0,0,0,0,0,0.00,130
http://purl.obolibrary.org/obo/pdumdv.owl,0,0,0,0,0,0,0,0.00,130
http://purl.obolibrary.org/obo/psdo.owl,0,0,0,0,0,0,0,0.00,130
http://purl.obolibrary.org/obo/pw.owl,0,0,0,0,0,0,0,0.00,130
http://purl.obolibrary.org/obo/rbo/rbo-base.owl,0,0,0,0,0,0,0,0.00,130
http://purl.obolibrary.org/obo/rs.owl,0,0,0,0,0,0,0,0.00,130
http://purl.obolibrary.org/obo/sepio.owl,0,0,0,0,0,0,0,0.00,130
http://purl.obolibrary.org/obo/so.owl,8,8,8,1,8,8,0,0.06,130
http://purl.obolibrary.org/obo/spd.owl,0,0,0,0,0,0,0,0.00,130
http://purl.obolibrary.org/obo/symp.owl,0,0,0,0,0,0,0,0.00,130
http://purl.obolibrary.org/obo/taxrank.owl,0,0,0,0,0,0,0,0.00,130
http://purl.obolibrary.org/obo/to.owl,0,0,0,0,0,0,0,0.00,130
http://purl.obolibrary.org/obo/trans.owl,0,0,0,0,0,0,0,0.00,130
http://purl.obolibrary.org/obo/upheno.owl,0,0,0,0,0,0,0,0.00,130
http://purl.obolibrary.org/obo/wbphenotype/wbphenotype-base.owl,0,0,0,0,0,0,0,0.00,130
http://purl.obolibrary.org/obo/zfs.owl,0,0,0,0,0,0,0,0.00,130
http://purl.obolibrary.org/obo/fobi.owl,29,68,48.5,2,97,48.5,0,0.75,130
http://purl.obolibrary.org/obo/gsso.owl,0,0,0,0,0,0,0,0.00,130
http://www.biomodels.net/kisao/KISAO_FULL#,0,0,0,0,0,0,0,0.00,130
http://purl.obolibrary.org/obo/scdo.owl,0,0,0,0,0,0,0,0.00,130
http://purl.obolibrary.org/obo/idomal.owl,0,0,0,0,0,0,0,0.00,130
http://purl.obolibrary.org/obo/txpo.owl,0,0,0,0,0,0,0,0.00,130
http://purl.obolibrary.org/obo/sibo.owl,0,0,0,0,0,0,0,0.00,130
http://purl.obolibrary.org/obo/fix.owl,0,0,0,0,0,0,0,0.00,130
http://purl.obolibrary.org/obo/rex.owl,0,0,0,0,0,0,0,0.00,130
http://purl.obolibrary.org/obo/ceph.owl,0,0,0,0,0,0,0,0.00,130
http://purl.obolibrary.org/obo/ehdaa2.owl,0,0,0,0,0,0,0,0.00,130
http://purl.obolibrary.org/obo/ero.owl,0,0,0,0,0,0,0,0.00,130
http://purl.obolibrary.org/obo/miro.owl,1,1,1,1,1,1,1,0.01,130
http://purl.obolibrary.org/obo/tads.owl,0,0,0,0,0,0,0,0.00,130
http://purl.obolibrary.org/obo/tgma.owl,0,0,0,0,0,0,0,0.00,130
http://purl.obolibrary.org/obo/bcgo.owl,0,0,0,0,0,0,0,0.00,130
http://purl.obolibrary.org/obo/tao.owl,0,0,0,0,0,0,0,0.00,130
http://purl.obolibrary.org/obo/aero.owl,0,0,0,0,0,0,0,0.00,130
http://purl.obolibrary.org/obo/bila.owl,0,0,0,0,0,0,0,0.00,130
http://purl.obolibrary.org/obo/fbsp.owl,0,0,0,0,0,0,0,0.00,130
http://purl.obolibrary.org/obo/vsao.owl,0,0,0,0,0,0,0,0.00,130
http://www.ontologydesignpatterns.org/cp/owl/semiotics.owl,1,3,2,2,4,2,1,0.03,130
http://w3id.org/meta-share/meta-share,1,1,1,2,2,1,2,0.02,124
https://purl.org/ctdl/terms/ActionStatus,53,68,60.5,2,121,60.5,0,0.98,124
http://w3id.org/gaia-x/core#,0,0,0,0,0,0,0,0.00,124
http://urn.fi/URN:NBN:fi:au:slm:,1,1,1,2,2,1,2,0.02,123
http://www.w3.org/ns/lemon/decomp,0,0,0,0,0,0,0,0.00,118
https://archivo.dbpedia.org/onto#,0,0,0,0,0,0,0,0.00,115
http://purl.allotrope.org/voc/afo/domain/REC/2021/03/class-coordination,0,0,0,0,0,0,0,0.00,111
https://paf.link/,0,0,0,0,0,0,0,0.00,111
https://w3id.org/nsd#,0,0,0,0,0,0,0,0.00,111
http://purl.allotrope.org/voc/afo/REC/2021/03/afo,0,0,0,0,0,0,0,0.00,110
http://purl.allotrope.org/voc/afo/domain/WD/2020/03/atomic-spectroscopy,0,0,0,0,0,0,0,0.00,110
http://purl.allotrope.org/voc/afo/perspective/REC/2020/12/system,0,0,0,0,0,0,0,0.00,110
http://purl.allotrope.org/voc/afo/REC/2020/09/afo,0,0,0,0,0,0,0,0.00,110
http://purl.allotrope.org/voc/afo/REC/2020/12/relation,0,0,0,0,0,0,0,0.00,110
http://purl.allotrope.org/voc/afo/perspective/REC/2020/12/organization,0,0,0,0,0,0,0,0.00,110
http://purl.allotrope.org/voc/qb/REC/2018/10/cube,0,0,0,0,0,0,0,0.00,110
http://purl.allotrope.org/voc/afo/REC/2020/12/aft,0,0,0,0,0,0,0,0.00,110
http://purl.allotrope.org/voc/afo/perspective/REC/2020/12/portion-of-material,0,0,0,0,0,0,0,0.00,110
http://purl.allotrope.org/voc/afo/perspective/REC/2020/12/molecular-scale,0,0,0,0,0,0,0,0.00,110
https://w3id.org/dio#,0,0,0,0,0,0,0,0.00,104
https://memorix.io/ontology#,0,0,0,0,0,0,0,0.00,104
https://w3id.org/def/basicsemantics-owl,0,0,0,0,0,0,0,0.00,97
http://marineregions.org/ns/ontology,9,9,9,1,9,9,0,0.09,97
http://marineregions.org/ns/placetypes,1,1,1,5,5,1,5,0.05,97
http://purl.allotrope.org/voc/afo/domain/WD/2020/03/function-generator,0,0,0,0,0,0,0,0.00,96
http://purl.allotrope.org/voc/afo/domain/REC/2021/06/chromatography,0,0,0,0,0,0,0,0.00,96
http://purl.allotrope.org/voc/afo/perspective/REC/2021/03/molecular-scale,0,0,0,0,0,0,0,0.00,96
http://purl.allotrope.org/voc/afo/REC/2021/03/aft,0,0,0,0,0,0,0,0.00,96
http://purl.allotrope.org/voc/afo/perspective/REC/2021/03/system,0,0,0,0,0,0,0,0.00,96
http://purl.allotrope.org/voc/afo/perspective/REC/2021/03/organization,0,0,0,0,0,0,0,0.00,96
http://purl.allotrope.org/voc/afo/REC/2021/03/relation,0,0,0,0,0,0,0,0.00,96
http://purl.allotrope.org/voc/afo/perspective/REC/2021/03/portion-of-material,0,0,0,0,0,0,0,0.00,96
http://purl.allotrope.org/voc/afo/REC/2018/07/aft,0,0,0,0,0,0,0,0.00,96
http://purl.allotrope.org/voc/afo/REC/2020/09/relation,0,0,0,0,0,0,0,0.00,96
http://purl.allotrope.org/voc/afo/REC/2020/06/afo,0,0,0,0,0,0,0,0.00,96
http://purl.allotrope.org/voc/afo/perspective/REC/2020/09/portion-of-material,0,0,0,0,0,0,0,0.00,96
http://purl.allotrope.org/voc/afo/perspective/REC/2020/09/organization,0,0,0,0,0,0,0,0.00,96
http://purl.allotrope.org/voc/afo/REC/2020/09/aft,0,0,0,0,0,0,0,0.00,95
http://purl.allotrope.org/voc/afo/perspective/REC/2020/09/molecular-scale,0,0,0,0,0,0,0,0.00,95
http://purl.allotrope.org/voc/afo/perspective/REC/2020/09/system,0,0,0,0,0,0,0,0.00,95
http://www.w3.org/ns/rdftest,1,1,1,1,1,1,1,0.01,90
http://purl.obolibrary.org/obo/chebi.owl,1,1,1,3,3,1,3,0.03,89
http://purl.allotrope.org/voc/afo/REC/2021/03/curation,0,0,0,0,0,0,0,0.00,89
http://semanticscience.org/resource/CHEMINF_000042.rdf,0,0,0,0,0,0,0,0.00,89
http://purl.allotrope.org/voc/afo/REC/2021/06/afo,0,0,0,0,0,0,0,0.00,88
http://purl.allotrope.org/voc/afo/domain/REC/2021/06/detection,0,0,0,0,0,0,0,0.00,88
http://purl.allotrope.org/voc/afo/domain/REC/2021/06/injection,1,1,1,1,1,1,1,0.01,88
http://purl.allotrope.org/voc/afo/domain/REC/2021/06/sampling,1,1,1,1,1,1,1,0.01,88
http://purl.allotrope.org/voc/afo/domain/REC/2021/03/chromatography,0,0,0,0,0,0,0,0.00,88
http://purl.allotrope.org/voc/afo/REC/2020/12/curation,0,0,0,0,0,0,0,0.00,88
http://purl.allotrope.org/voc/afo/WD/2020/03/afo,0,0,0,0,0,0,0,0.00,88
http://raw.githubusercontent.com/jmvanel/semantic_forms/master/vocabulary/forms.owl.ttl#,0,0,0,0,0,0,0,0.00,86
http://w3id.org/um/cbcm/eu-cm-ontology,0,0,0,0,0,0,0,0.00,73
http://purl.allotrope.org/voc/afo/domain/WD/2018/04/atomic-spectroscopy,0,0,0,0,0,0,0,0.00,72
http://d3fend.mitre.org/ontologies/d3fend.owl,0,0,0,0,0,0,0,0.00,70
https://pokemonkg.org/ontology,0,0,0,0,0,0,0,0.00,69
https://solid.ti.rw.fau.de/public/ns/stream-containers,4,4,4,1,4,4,0,0.06,69
http://ldf.fi/schema/bioc/,0,0,0,0,0,0,0,0.00,69
http://cedric.cnam.fr/isid/ontologies/OntoSemStats.owl#,0,0,0,0,0,0,0,0.00,68
http://purl.org/ppeo/PPEO.owl,1,12,6.5,2,13,6.5,1,0.19,67
http://purl.obolibrary.org/obo/upheno/metazoa.owl,0,0,0,0,0,0,0,0.00,59
https://w3id.org/laas-iot/adream,2,2,2,1,2,2,0,0.04,54
http://www.w3id.org/laas-iot/lmu,2,2,2,1,2,2,0,0.04,54
http://www.w3id.org/laas-iot/edr,2,2,2,1,2,2,0,0.04,54
https://solid.ti.rw.fau.de/public/ns/arena#,0,0,0,0,0,0,0,0.00,54
http://w3id.org/srt#,0,0,0,0,0,0,0,0.00,40
http://purl.allotrope.org/voc/afo/REC/2019/12/aft,0,0,0,0,0,0,0,0.00,33
https://w3id.org/bop#,0,0,0,0,0,0,0,0.00,33
http://memorix.io/ontology#,0,0,0,0,0,0,0,0.00,33
https://ontologies.semanticarts.com/o/gistCore,0,0,0,0,0,0,0,0.00,28
https://rdf.ag/o/hops,0,0,0,0,0,0,0,0.00,26
https://rdf.ag/o/cerealstoo,0,0,0,0,0,0,0,0.00,26
https://w3id.org/eb#,0,0,0,0,0,0,0,0.00,26
http://purl.obolibrary.org/obo/upheno/dpo/dpo-bridge.owl,0,0,0,0,0,0,0,0.00,23
http://purl.obolibrary.org/obo/uberon/bridge/uberon-bridge-to-wbbt.owl,7,7,7,1,7,7,0,0.30,23
http://purl.obolibrary.org/obo/uberon/bridge/cl-bridge-to-fbbt.owl,7,7,7,1,7,7,0,0.30,23
http://purl.obolibrary.org/obo/upheno/vertebrate.owl,0,0,0,0,0,0,0,0.00,23
http://purl.obolibrary.org/obo/wbphenotype/wbphenotype-full.owl,0,0,0,0,0,0,0,0.00,23
http://purl.obolibrary.org/obo/upheno/imports/fbbt_phenotype.owl,0,0,0,0,0,0,0,0.00,23
http://purl.obolibrary.org/obo/uberon/bridge/uberon-bridge-to-fbbt.owl,7,7,7,1,7,7,0,0.30,23
http://purl.obolibrary.org/obo/dpo.owl,0,0,0,0,0,0,0,0.00,23
http://purl.obolibrary.org/obo/uberon/bridge/cl-bridge-to-wbbt.owl,7,7,7,1,7,7,0,0.30,23
http://bdi.si.ehu.es/bdi/ontologies/ExtruOnt/3D4ExtruOnt,0,0,0,0,0,0,0,0.00,22
http://purl.obolibrary.org/obo/agro.owl,0,0,0,0,0,0,0,0.00,19